성분,기능성 내용
비타민 A,"어두운 곳에서 시각적응, 피부와 점막 유지, 상피세포 성장 발달, 동물성 및 녹황색 식물성 식품에서 유래, 로돕신 합성, 눈 영양공급"
비타민 D,"칼슘과 인의 흡수, 뼈 형성과 유지, 재흡수 촉진, 자외선에 의해 피부에서 합성, 비타민 D2와 D3 존재"
비타민 E,"유해산소로부터 세포 보호, 항산화 작용, 지질과산화 억제, 토코페롤·토코트리에놀 형태"
비타민 K,"혈액응고, 뼈 형성, 필로퀴논(K1)과 메나퀴논(K2), 응고단백질 활성화에 관여"
판토텐산,"지방·탄수화물·단백질 대사, 에너지 생성, CoA 및 ACP 구성 성분"
엽산,"세포와 혈액 생성, 태아 신경관 정상발달, 혈중 호모시스테인 수준 유지, 프테로일글루탐산 유도체"
비오틴,"지방·탄수화물·단백질 대사, 에너지 생성, 카르복실화 효소 조효소"
비타민 C,"철 흡수, 세포 보호, 항산화 작용, 결합조직 형성, 아스코르브산·디히드로아스코르브산 존재"
칼슘,"뼈·치아 형성, 신경과 근육 유지, 혈액응고, 골다공증 위험 감소"
마그네슘,"에너지 이용, 신경과 근육 유지, 효소 보조인자, 골격 구성"
철분,"• 체내 산소운반과 혈액생성에 필요
 • 에너지 생성에 필요
 • 적혈구의 성분으로 산소를 운반함
 • 헤모글로빈, 미오글로빈의 성분
 ◦ 체내 철의 2/3가 적혈구내의 헤모글로빈에 존재하며, 25%는 저장철, 15%는 미오글로빈과 산화적대사반응 효소 구성성분
 ◦ 철은 헴철과 비헴철의 두 형태 존재. 헴철은 흡수 용이, 비헴철은 식이요인 영향"
아연,"• 정상적인 면역기능과 세포분열에 필요
 • 인체 조직에 존재하는 미량원소
 • 핵산과 아미노산 대사에 관여
 ◦ 총량 1.5~2.5g, 대부분 근육과 골격에 존재
 ◦ 200개 이상 효소 구성 성분으로 대사 과정 및 반응 조절 관여"
구리,"• 철의 운반과 이용에 필요
 • 유해산소로부터 세포를 보호
 • 동식물에 미량 존재하는 필수 미네랄
 • 뼈, 혈액에 존재하며 셀룰로플라스민으로 존재
 • 철 이온 산화 촉진 → 트랜스페린 결합 촉진 → 헤모글로빈 생성 촉진
 • 산화환원효소 구성요소 및 촉매
 • 육류, 어류, 갑각류, 아보카도, 두류 등에 풍부"
셀렌,"• 유해산소로부터 세포 보호
 • 비타민E와 함께 지질 산화 방지 및 세포막 보호
 • 메티오닌, 시스테인 유도체와 결합 형태
 • 글루타티온 과산화효소, 셀렌단백질 등에서 기능 수행"
요오드,"• 갑상선 호르몬 합성에 필요
 • 에너지 생성 및 신경발달에 필요
 • 갑상선 호르몬 구성성분
 • 갑상선으로 유입 비율은 영양상태에 따라 조절
 • 성장기·기초대사 조절 역할
 • 어류·해조류 등에 풍부"
망간,"• 뼈 형성, 에너지 이용, 항산화 작용에 필요
 • 식이 흡수율 1~3%로 낮음
 • SOD, 유산탈수소효소 등 효소 구성
 • 골격형성과 영양대사에 필수"
몰리브덴,"• 산화·환원 효소 활성화에 필요
 • 생체 내 필수 미량원소
 • 잔틴·알데하이드·설파이트 산화효소 구성
 • 간, 신장, 곡류, 우유 등에 저장 또는 존재"
칼륨,"• 체내 물과 전해질 균형 유지
 • 세포내 주요 양이온, 삼투압 및 신경전달 관여
 • 산-알칼리 균형 유지
 • Na/K 펌프 작용
 • 채소, 과일, 토마토, 바나나, 우유 등 함유"
크롬,"• 영양보급
 • 체내 존재량은 약 6mg
 • 당내성 인자의 성분
 • 당대사 및 인슐린 작용 조절
 • 식이 상태에 따라 흡수율 변화"
식이섬유,"• 배변활동 원활, 식후 혈당상승 억제, 콜레스테롤 조절
 • 수용성: 포도당 흡수 억제, 불용성: 장 환경 개선
 • 장내 통과시간 단축, 발효성, 변 무게 증가
 • 과일·채소·곡류·해조류·콩류 등 급원"
두충우슬추출복합물,갱년기 남성의 건강에 도움을 줄 수 있음
차조기등복합추출물,관절 건강에 도움을 줄 수 있음(기타기능) .
바이오게르마늄 효모,면역기능증진에 도움을 줄 수 있음
PMO 참밀알부민,참밀알부민은 급격한 식후 혈당상승을 억제하는데 도움을 줄 수 있습니다 (기타기능)
정어리펩타이드 SP100N,혈압을 조절하는데 도움을 줄 수 있음
자일리톨,충치발생 위험 감소에 도움을 줌(치아건강) ( )
참당귀뿌리추출물,노인의 인지능력 저하의 개선에 도움을 줄 수 있음(기타기능) -
씨제이 히비스커스 등 복합추출물,체지방 감소에 도움을 줄 수 있음
초록입홍합추출오일복합물,관절건강에 도움이 될 수 있음
이소말토올리고당,"장내 유익균의 증식과 유해균의 억제에 도움을 줄 수 있음(기타기능), 배변활동을 원활히 하는데 도움을 줄 수 있음(기타기능) ,"
이소말토올리고당,"장내 유익균의 증식과 유해균의 억제에 도움을 줄 수 있음(기타기능), 배변활동을 원활히 하는데 도움을 줄 수 있음(기타기능) ,"
피니톨,간 건강에 도움을 줄 수 있음
대두올리고당,"장내 유익균의 증식과 유해균의 억제에 도움을 줄 수 있음(기타기능), 배변활동을 원활히 하는데 도움을 줄 수 있음(기타기능) ,"
포도종자추출물,인체의 항산화능 증진에 도움을 줄 수 있음(기타기능)
식물스타놀에스테르,식물스타놀 에스테르는 높은 혈중 콜레스테롤 수치 개선에 도움을 줄 수 있습니다
가쯔오부시올리고펩타이드,혈압이 걱정되시는 분에게 도움을 줄 수 있음(기타기능)
헤모힘 당귀등 혼합추출물,면역기능 개선에 도움을 줄 수 있음
카제인가수분해물,혈압이 걱정되시는 분에게 도움을 줄 수 있음(기타기능)
피크노제놀-프랑스해안송껍질추출물<PYCNOGENOL>,"인체에 유해한 활성산소를 제거하는데 도움을 줄 수 있음, 혈액의 흐름을 방해할 수 있는 혈소판응집을 억제하는데 도움을 줄 수 있음, 갱년기 여성의 건강에 도움을 줄 수 있음 , , ’"
올리브잎주정추출물 EFLA943,혈압조절에 도움을 줄 수 있음
이소말토올리고당,"장내 유익균의 증식과 유해균의 억제에 도움을 줄 수 있음(기타기능), 배변활동을 원활히 하는데 도움을 줄 수 있음(기타기능) ,"
황금등복합물,관절 건강에 도움을 줄 수 있음
폴리코사놀-사탕수수왁스알코올,"혈중 콜레스테롤 수치 개선에 도움을 줄 수 있음, 혈압조절에 도움을 줄 수 있음 ,"
콩발효추출물,당의 흡수를 억제하여 식후혈당을 건강하게 유지하는데 도움을 줄 수 있음
바이오게르마늄 효모,면역기능증진에 도움을 줄 수 있음
아마인,콜레스테롤 감소에 도움을 줄 수 있음(기타기능)
솔잎증류농축액,건강한 혈당의 유지에 도움을 줄 수 있음(기타기능)
소나무껍질추출물등복합물,햇볕 또는 자외선에 의한 피부손상으로부터 피부 건강을 유지하는데 도움을 줄 수 있음(기타기능)
토치대두발효추출물,콩발효추출물은 발효시킨 콩을 추출한 것으로 당의 흡수를 억제하여 식후혈당을 건강하게 유지하는데 도움을 줄 수 있는 식품입니다.
표고버섯균사체추출물,간 건강에 도움을 줄 수 있음(기타기능)
Enterococcus faecalis 가열처리건조분말,꽃가루에 의해 나타나는 코막힘의 개선에 도움을 줄 수 있음(기타기능)
포도종자추출물,인체의 항산화능 증진에 도움을 줄 수 있음(기타기능)
Green Mate Extract EFLA® 920,체지방 감소에 도움을 줄 수 있습니다(생리활성기능 2등급)
헛개나무과병추출분말,"알콜성 손상으로부터 간을 보호하는데 도움을 줄 수 있음, 운동능력 향상에 도움을 줄 수 있음, 스트레스로 인한 피로개선에 도움을 줄 수 있음 , ,"
지아잔틴 추출물,노화로 인해 감소될 수 있는 황반색소밀도를 유지하여 눈건강에 도움을 줄 수 있음
루테인/지아잔틴 복합추출물,노화로 인해 감소될 수 있는 황반색소밀도를 유지하여 눈건강에 도움을 줄 수 있음
"홍삼, 사상자, 산수유 복합추출물",햇볕 또는 자외선에 의한 피부손상으로부터 피부건강을 유지하는데 도움을 줄 수 있습니다 (기타기능)
APIC 대두배아열수추출물 등 복합물,체지방의 감소에 도움을 줄 수 있음
표고버섯균사체 AHCC,면역기능 증진에 도움을 줄 수 있음(생리활성기능 2등급)
쏘팔메토 열매 추출물 등 복합물,전립선 건강의 유지에 도움을 줄 수 있습니다
L-글루타민,과도한 운동 후의 -글루타민 보충은 신체 저항능력 향상에 도움이 될 수 있음(기타기능)
칸탈로프멜론추출물,"산화스트레스로부터 인체를 보호하는데 도움을 줄 수 있습니다, 혈관벽 두께(내중막 두께 : ) 증가 억제를 통한 혈행개선에 도움을 줄 수 있음, 자외선에 의한 피부홍반개선으로 피부건강에 도움을 줄 수 있음"
BT-11원지추출분말,성인의 기억력 개선에 도움을 줄 수 있음(생리활성기능 2등급)
커피만노올리고당분말,"장내 유익균 증식, 유해균 억제, 배변활동에 도움을 줄 수 있음(기타기능) ,"
구아바잎추출물 등 복합물,"과민반응에 의한 코 상태(코 가려움, 재채기, 콧물) 개선에 도움을 줄 수 있음(기타기능 )"
보이차 추출물,혈중 콜레스테롤 개선에 도움을 줄 수 있습니다.(기타기능 )
다래추출물,면역 과민반응 개선에 도움을 줄 수 있음
홍국쌀,콜레스테롤 개선
L-글루타민산 유래 GABA 함유 분말,혈압이 높은 사람에게 도움을 줄 수 있습니다(기타기능)
중쇄지방산,이 제품은 중쇄지방산을 함유하고 있어 다른 식용유와 비교하였을 때 체지방 증가가 적을 수 있음(기타기능)
CJ식물성유지 디글리세라이드,이 제품은 를 함유하고 있어 다른 식용유와 비교하였을 때 식후 혈중 중성지방과 체지방 증가가 적을 수 있음(기타기능)
카제인가수분해물,혈압이 높은 사람에게 도움을 줄 수 있습니다(기타기능)
호프추출물,호프추출물은 관절 건강에 도움을 줄 수 있습니다(기타기능)
프로바이오틱스,"유익한 유산균 증식, 유해균 억제, 배변활동 원활, 장 면역을 조절하여 장 건강에 도움을 줄 수 있음"
지방산복합물,관절건강에 도움을 줄 수 있음(기타기능) .
정제오징어유,혈행개선(기타기능)
Nopal 추출물,식후 혈당조절에 도움을 줄 수 있습니다 (기타기능)
표고버섯균사체추출물,간 건강에 도움을 줄 수 있습니다(기타기능)
락추로스 파우더,"유익균 증식, 유해균 억제에 도움을 줄 수 있습니다.(생리활성기능 2등급)"
피브로인추출물 BF-7,기억력 개선에 도움을 줄 수 있음(기타 등급)
콜레우스 포스콜리 추출물 Forslean,체지방 감소에 도움을 줄 수 있습니다(기타기능 )
리프리놀-초록입홍합추출오일,관절 건강에 도움을 줄 수 있음
HK 나토배양물,"혈액의 흐름을 방해할 수 있는 혈소판응집을 억제하여, 혈액흐름을 원활히 하는데 도움을 줄 수 있음.(기타 )"
액상 다래추출물,면역 과민반응 개선에 도움을 줄 수 있음
쌀겨추출물,피부보습에 도움을 줄 수 있음(기타)
동결건조누에분말,혈당조절에 도움을 줄 수 있음
아마인,콜레스테롤 감소에 도움을 줄 수 있음(기타기능 Ⅱ)
보리 베타글루칸 추출물,혈중 콜레스테롤 개선에 도움을 줄 수 있음
정제오징어유,"혈행개선에 도움을 줄 수 있음(기타) 혈중 중성지질 개선에 도움을 줄 수 있음(기타Ⅱ) , (혹은 , )"
자일로올리고당,"장내 유익균 증식, 유해균 억제, 배변활동에 도움을 줄 수 있음(기타기능)"
자일로올리고당,"장내 유익균 증식, 유해균 억제, 배변활동에 도움을 줄 수 있음(기타) ,"
파크랜 크랜베리 분말,요로의 유해균 흡착 억제로 요로건강에 도움을 줄 수 있음(기타기능)
해태올리고펩티드,혈압조절에 도움을 줄 수 있음(기타기능)
Nopal추출물,식후 혈당조절에 도움을 줄 수 있습니다(기타기능)
비즈왁스알코올,"항산화에 도움을 줄 수 있음(생리활성기능 2등급), 위점막을 보호하여 위건강에 도움을 줄 수 있음(생리활성기능 2등급), 관절 건강에 도움을 줄 수 있음(생리활성기능 2등급) , ,"
백수오 등 복합추출물,갱년기 여성 건강에 도움을 줄 수 있음 `
발효생성아미노산 복합물,지구성 운동 시 피로개선에 도움을 줄 수 있음(기타기능Ⅱ)
석류추출물,갱년기 여성의 건강에 도움을 줄 수 있음(기타)
레몬 밤 추출물 혼합분말,체지방 감소에 도움을 줄 수 있음 (기타기능)
AP 콜라겐 효소분해 펩타이드,"피부 보습에 도움을 줄 수 있음, 자외선에 의한 피부 손상으로부터 피부 건강을 유지하는데 도움을 줄 수 있음 () ,"
피카오프레토 분말 등 복합물,과민반응에 의한 코 상태 개선에 도움을 줄 수 있음
연어 펩타이드,혈압이 높은 사람에게 도움을 줄 수 있음(기타기능)
보리 베타글루칸 추출물,혈중 콜레스테롤 개선에 도움을 줄 수 있음 (생리활성기능 2등급)
지각상엽 추출 혼합물,혈당 조절에 도움을 줄 수 있음 (기타기능)
HK표고버섯균사체,간건강에 도움을 줄 수 있음(기타 )
창녕양파추출액,혈중 콜레스테롤 개선에 도움을 줄 수 있음 (기타기능 )
크랜베리 추출물,요로에 유해균 흡착 억제로 요로건강에 도움을 줄 수 있음
석류농축액,갱년기 여성의 건강에 도움을 줄 수 있음(생리활성기능 2등급)
전칠삼추출물 등 복합물,관절건강에 도움을 줄 수 있음 (기타기능)
스피루리나 원말,면역조절에 도움을 줄 수 있으나 인체시험을 통한 확인이 필요함 (기타기능Ⅲ)
L-카르니틴 타르트레이트,체지방 감소에 도움을 줄 수 있음 (기타기능 Ⅱ)
서목태,"혈당 조절에 도움을 줄 수 있음(생리활성기능 2등급), 혈압이 높은 사람에게 도움을 줄 수 있음(생리활성기능 2등급), 체지방 감소에 도움을 줄 수 있음(생리활성기능 2등급)"
지초추출물,피부보습에 도움을 줄 수 있음(기타기능Ⅱ)
복분자추출분말,간 건강에 도움을 줄 수 있음(기타기능Ⅱ)
카제인 가수분해물,혈압이 높은 사람에게 도움을 줄 수 있습니다.(기타기능 )
Green Mate Extract EFLA 920,체지방 감소에 도움을 줄 수 있습니다(기타기능)
아티초크 추출물,담즙분비를 촉진하여 지방 소화에 도움을 줄 수 있음(생리활성기능 2등급)
호박씨추출물 등 복합물,방광의 배뇨기능 개선에 도움을 줄 수 있음(생리활성기능 2등급)
동충하초 발효 추출물,지구력 증진에 도움을 줄 수 있음
글로빈 가수분해물,식후 혈중 중성지방 개선에 도움을 줄 수 있음(기타기능Ⅱ)
유산균발효다시마추출물,"알콜성 손상으로부터 간을 보호하는데 도움을 줄 수 있음, 기억력 개선에 도움을 줄 수 있음 ,"
유산균 발효 다시마추출물,알콜성 손상으로부터 간을 보호하는데 도움을 줄 수 있음(기타기능Ⅱ) -
인삼가수분해 농축액,혈당 조절에 도움을 줄 수 있음
가시오갈피 등 복합추출물,관절 건강에 도움을 줄 수 있음(기타기능Ⅱ)
타가토스,식후 혈당조절에 도움을 줄 수 있음(기타기능Ⅱ)
크랜베리 추출물,요로에 유해균 흡착 억제로 요로건강에 도움을 줄 수 있음(기타기능 )
당귀등추출복합물,노인의 기억력 개선에 도움을 줄 수 있음
발효생성아미노산 복합물,지구성 운동 시 피로개선에 도움을 줄 수 있음(생리활성기능 2등급)
콜레우스 포스콜리 추출물,체지방 감소에 도움을 줄 수 있음(생리활성기능 2등급)
밀전분유래 난소화성말토덱스트린,장내 유익균의 증식과 유해균의 억제에 도움을 줄 수 있음(기타기능)
마카 젤라틴화 분말,정자 운동성 개선에 도움을 줄 수 있음(생리활성기능 2등급)
민들레 등 추출복합물,피부보습에 도움을 줄 수 있음(생리활성기능 2등급)
지방산복합물 FAC,관절 건강에 도움을 줄 수 있음 (생리활성기능2등급)
L-카르니틴 타르트레이트,"체지방 감소에 도움을 줄 수 있음, 운동으로 인한 피로 개선에 도움을 줄 수 있음 ,"
마리골드 추출물,노화로 인해 감소될 수 있는 황반색소밀도를 유지하여 눈 건강에 도움을 줄 수 있음
Collactive 콜라겐펩타이드,피부 보습에 도움을 줄 수 있음
청국장균배양정제물,면역기능 증진에 도움을 줄 수 있음(생리활성기능 2등급)
로즈힙분말,관절 및 연골 건강에 도움을 줄 수 있음(생리활성기능 2등급)
씨폴리놀 감태주정추출물,"혈중 콜레스테롤 개선에 도움을 줄 수 있음(생리활성기능 2등급), 식후혈당 상승 억제에 도움을 줄 수 있음"
솔잎 증류 농축액,건강한 혈당의 유지에 도움을 줄 수 있음(생리활성기능2등급)
콩발효추출물,식후 혈당상승 억제에 도움을 줄 수 있음(생리활성기능 2등급)
콩발효추출물,식후 혈당상승 억제에 도움을 줄 수 있음(생리활성기능 2등급)
아쉬아간다 추출물,스트레스로 인한 긴장 완화에 도움을 줄 수 있음 (생리활성기능 2등급)
핑거루트추출분말,"자외선에 의한 피부손상으로부터 피부 건강을 유지하는데 도움을 줄 수 있음(생리활성기능 2등급), 체지방 감소에 도움을 줄 수 있음(생리활성기능 2등급)"
콜레우스 포스콜리 추출물,체지방 감소에 도움을 줄 수 있음(생리활성기능 2등급)
나토균배양분말,"혈압이 높은 사람에게 도움을 줄 수 있음, 혈소판 응집억제를 통한 혈행개선에 도움을 줄 수 있음 ,"
미역 등 복합추출물,체지방 감소에 도움을 줄 수 있음
과채유래유산균,면역과민반응에 의한 피부상태 개선에 도움을 줄 수 있음 (생리활성기능 2등급)
가시오가피숙지황복합추출물,뼈건강에 도움을 줄 수 있음(생리활성기능 2등급)
동충하초 주정추출물,면역기능 증진에 도움을 줄 수 있음(생리활성기능 2등급)
Lactobacillus sakei Probio65,면역과민반응에 의한 피부상태 개선에 도움을 줄 수 있음 (생리활성기능 2등급)
로즈힙분말,관절 및 연골 건강에 도움을 줄 수 있음(생리활성기능 2등급)
로즈힙분말,관절 및 연골 건강에 도움을 줄 수 있음
락토페린,체지방 감소에 도움을 줄 수 있음
루테인지아잔틴복합추출물20%,노화로 인해 감소될 수 있는 황반색소밀도를 유지하여 눈건강에 도움을 줄 수 있음
가시오갈피 등 복합추출물,관절 건강에 도움을 줄 수 있음(생리활성기능 2등급)
도라지추출물,간 건강에 도움을 줄 수 있음(생리활성기능 2등급)
저분자콜라겐펩타이드,"피부 보습에 도움을 줄 수 있음, 자외선에 의한 피부손상으로부터 피부 건강을 유지하는데 도움을 줄 수 있음 ,"
MR-10 민들레등복합추출물,갱년기 남성의 건강에 도움을 줄 수 있음
전칠삼추출물 등 복합물,관절 건강에 도움을 줄 수 있음
효모베타글루칸,면역기능 증진에 도움을 줄 수 있음 (생리활성기능 2등급)
피엘에이지,인터루킨 4 감소를 통한 면역조절에 도움을 줄 수 있음 (생리활성기능 2등급)
핑거루트추출분말,"자외선에 의한 피부손상으로부터 피부 건강을 유지하는데 도움을 줄 수 있음, 체지방 감소에 도움을 줄 수 있음, 피부보습에 도움을 줄 수 있음 , ,"
핑거루트추출물,(1) 자외선에 의한 피부손상으로부터 피부 건강을 유지하는데 도움을 줄 수 있음 (2) 체지방 감소에 도움을 줄 수 있음 (3) 피부보습에 도움을 줄 수 있음 (1) (2) (3)
나토균배양분말,혈행 개선에 도움을 줄 수 있음
돌외잎주정추출분말,체지방 감소에 도움을 줄 수 있음 (생리활성기능 2등급) ( 2 )
포도씨 효소분해 추출 분말,혈압이 높은 사람에게 도움을 줄 수 있음(생리활성기능 2등급)
히드록시프로필메틸셀룰로오스,식후 혈당상승 억제에 도움을 줄 수 있음 (생리활성기능 2등급)
상엽추출물,식후혈당 상승 억제에 도움을 줄 수 있음(생리활성기능 2등급)
로즈힙분말,관절 및 연골건강에 도움을 줄 수 있음
헛개나무과병추출분말,알콜성 손상으로부터 간을 보호하는데 도움을 줄 수 있음
석류농축액,"갱년기 여성의 건강에 도움을 줄 수 있음, 피부보습에 도움을 줄 수 있음, 자외선에 의한 피부 손상으로부터 피부건강을 유지하는데 도움을 줄 수 있음 ` , ,"
보스웰리아 추출물,관절 및 연골건강에 도움을 줄 수 있음
카카오분말,혈관이완을 통한 혈행 개선에 도움을 줄 수 있음 -
CMO 함유 FAC,관절 건강에 도움을 줄 수 있음
UREX 프로바이오틱스,질내 유익균 증식 및 유해균 억제에 도움을 줄 수 있음
무화과페이스트,배변활동 원활에 도움을 줄 수 있음 (생리활성기능 2등급)
강황 추출물,관절건강에 도움을 줄 수 있음(생리활성기능 2등급)
적포도발효농축액,콜레스테롤 개선에 도움을 줄 수 있음(생리활성기능 2등급)
그린커피빈추출물,체지방 감소에 도움을 줄 수 있음
식물스타놀 에스테르,높은 혈중 콜레스테롤 수치 개선에 도움을 줄 수 있음(생리활성기능 2등급)
파크랜 크랜베리 분말,요로의 유해균 흡착 억제로 요로건강에 도움을 줄 수 있음(생리활성기능 2등급)
파크랜 크랜베리 분말,요로의 유해균 흡착 억제로 요로건강에 도움을 줄 수 있음(생리활성기능 2등급)
오메가-3 지방산 함유 유지,기억력 개선에 도움을 줄 수 있음(생리활성기능 2등급)
닭가슴연골분말,관절건강에 도움을 줄 수 있음(생리활성기능 2등급)
황기추출물 등 복합물,어린이 키성장에 도움을 줄 수 있음
호박씨추출물 등 복합물,방광의 배뇨기능 개선에 도움을 줄 수 있음(생리활성기능 2등급)
참당귀 추출분말,"노화로 저하된 인지기능 개선에 도움을 줄 수 있음, 관절건강에 도움을 줄 수 있음 ,"
L-arabinose,설탕 소화흡수를 완만하게 하여 혈당조절에 도움을 줄 수 있음(생리활성기능 2등급)
비파엽추출물,기억력 개선에 도움을 줄 수 있음(생리활성기능 2등급)
스페인감초추출물,위 점막 내 헬리코박터균( ) 증식을 억제하고 위 점막을 보호하여 위 건강에 도움을 줄 수 있음 .
매스틱 검,위 불편감 개선에 도움을 줄 수 있음(생리활성기능 2등급)
구기자추출물,기억력 개선에 도움을 줄 수 있음(생리활성기능 2등급)
발효식초석류복합물,체지방 감소에 도움을 줄 수 있음(생리활성기능 2등급)
Lactobacillus gasseri BNR17,체지방 감소에 도움을 줄 수 있음(생리활성기능 2등급)
옻나무 추출분말,갱년기 남성의 건강에 도움을 줄 수 있음(생리활성기능 2등급)
중쇄지방산,이 제품은 중쇄지방산을 함유하고 있어 다른 식용유와 비교하였을 때 체지방 증가가 적을 수 있음(생리활성기능 2등급)
보이차추출물,"체지방 감소에 도움을 줄 수 있음, 혈중 콜레스테롤 개선에 도움을 줄 수 있음(생리활성기능 2등급)"
옥수수배아추출물,피부보습에 도움을 줄 수 있음(생리활성기능2등급)
올리브잎주정추출물,혈압 조절에 도움을 줄 수 있음
콩․보리 발효복합물,피부 보습에 도움을 줄 수 있음 (생리활성기능 2등급)
인삼다당체추출물,면역기능 증진에 도움을 줄 수 있음 (생리활성기능 2등급)
아프리카망고 종자추출물,체지방 감소에 도움을 줄 수 있음
유단백추출물,뼈 건강에 도움을 줄 수 있음
천마 등 복합추출물,기억력 개선에 도움을 줄 수 있음
밀배유추출물,피부 보습에 도움을 줄 수 있음
L-아르기닌,혈관이완을 통해 혈행 개선에 도움을 줄 수 있음
프로바이오틱스 HY7714,"피부 보습에 도움을 줄 수 있음, 자외선에 의한 피부손상으로부터 피부 건강 유지에 도움을 줄 수 있음 () ,"
까마귀쪽나무 열매 주정추출물,관절건강에 도움을 줄 수 있음(생리활성기능 2등급)
까마귀쪽나무 열매 주정추출물,관절건강에 도움을 줄 수 있음(생리활성기능 2등급)
석류추출물,갱년기 여성의 건강에 도움을 줄 수 있음 `
감태추출물,수면의 질 개선에 도움을 줄 수 있음(생리활성기능 2등급)
돌외잎추출물,스트레스로 인한 긴장완화에 도움을 줄 수 있음
풋사과추출물 애플페논,체지방 감소에 도움을 줄 수 있음(생리활성기능 2등급)
헛개나무과병추출분말,알콜성 손상으로부터 간을 보호하는데 도움을 줄 수 있음
창녕양파추출액,혈중 콜레스테롤 개선에 도움을 줄 수 있음(생리활성기능 2등급)
유산균발효마늘추출분말,간건강에 도움을 줄 수 있음
오미자추출물,갱년기 여성 건강에 도움을 줄 수 있음(생리활성기능 2등급)
허니부쉬추출발효분말,자외선에 의한 피부손상으로부터 피부 건강 유지에 도움을 줄 수 있음
호로파종자 등 추출복합물,남성의 갱년기 건강에 도움을 줄 수 있음 `
Lactobacillus gasseri BNR17,체지방 감소에 도움을 줄 수 있음(생리활성기능)
키토올리고당,식후혈당 감소에 도움을 줄 수 있음
루테인지아잔틴복합추출물,노화로 인해 감소될 수 있는 황반색소밀도를 유지하여 눈건강에 도움을 줄 수 있음
락티카제이바실러스 람노서스 아이디씨씨3201 열처리배양건조물,면역과민반응에 의한 피부상태 개선에 도움을 줄 수 있음
우슬 등 복합물,관절 및 연골건강에 도움을 줄 수 있음
시서스추출물,체지방 감소에 도움을 줄 수 있음(생리활성기능)
곰피추출물,간 건강에 도움을 줄 수 있음
빌베리 추출물,눈의 피로 개선에 도움을 줄 수 있음
미강주정추출물,수면에 도움을 줄 수 있음
루테인지아잔틴복합추출물,노화로 인해 감소될 수 있는 황반색소밀도를 유지하여 눈 건강에 도움을 줄 수 있음
세리포리아 락세라타 균사체 배양물,혈당조절에 도움을 줄 수 있음
그린커피빈주정추출물,체지방 감소에 도움을 줄 수 있음
석류농축분말,"피부 보습에 도움을 줄 수 있음, 자외선에 의한 피부 손상으로부터 피부건강을 유지하는데 도움을 줄 수 있음 ,"
오미자추출물,근력 개선에 도움을 줄 수 있음
빌베리 추출물,눈의 피로 개선에 도움을 줄 수 있음
오가피열매추출물,혈압조절에 도움을 줄 수 있음
피쉬 콜라겐펩타이드,"자외선에 의한 피부손상으로부터 피부건강을 유지하는데 도움을 줄 수 있음, 피부보습에 도움을 줄 수 있음 ,"
쑥부쟁이추출분말,면역과민반응에 의한 코상태 개선에 도움을 줄 수 있음
인동덩굴꽃봉오리추출물,위 점막을 보호하여 위 건강에 도움을 줄 수 있음
호로파종자추출물,갱년기 남성 건강에 도움을 줄 수 있음 `
루테인지아잔틴복합추출물,노화로 인해 감소될 수 있는 황반색소밀도를 유지하여 눈 건강에 도움을 줄 수 있음
차즈기추출물,눈의 피로도 개선에 도움을 줄 수 있음
쇠비름주정추출분말,배변활동 원활에 도움을 줄 수 있음
댕댕이나무열매,① 비알콜성 간 손상으로부터 간 건강에 도움을 줄 수 있음 ② 체지방 감소에 도움을 줄 수 있음 ① - ②
옻나무 추출분말,갱년기 남성의 건강에 도움을 줄 수 있음 `
저분자콜라겐펩타이드NS,"자외선에 의한 피부손상으로부터 피부건강을 유지하는데 도움을 줄 수 있음, 피부보습에 도움을 줄 수 있음 ,"
풋사과추출물 애플페논,체지방 감소에 도움을 줄 수 있음
Lactobacillus acidophilus YT1,갱년기 여성 건강에 도움을 줄 수 있음 ’
자몽추출물등 복합물,체지방 감소에 도움을 줄 수 있음
로즈마리자몽추출복합물,자외선에 의한 피부손상으로부터 피부건강을 유지하는데 도움을 줄 수 있음
리스펙타,질내 유익균 증식 및 유해균 억제에 도움을 줄 수 있음
포도과피 효소발효추출물,건조한 눈을 개선하여 눈 건강에 도움을 줄 수 있음
L.plantarum IM76과 B.longum IM55 복합물,면역과민반응에 의한 코상태 개선에 도움을 줄 수 있음
대두추출물등 복합물,갱년기 여성건강에 도움을 줄 수 있음 `
인삼,뼈 건강에 도움을 줄 수 있음
포도블루베리추출혼합분말,기억력 개선에 도움을 줄 수 있음
돈태반 발효추출물,피로 개선에 도움을 줄 수 있음
깻잎추출물,체지방 감소에 도움을 줄 수 있음
L. curvatus HY7601와 L. plantarum KY1032의 프로바이오틱스 복합물,체지방 감소에 도움을 줄 수 있음
연어이리추출물,"① 관절 건강에 도움을 줄 수 있음, ② 위 점막을 보호하여 위 건강에 도움을 줄 수 있음 ① , ②"
루바브뿌리 추출물,갱년기 여성 건강에 도움을 줄 수 있음 `
스페인감초추출물,위 점막 내 헬리코박터균( ) 증식을 억제하고 위 점막을 보호하여 위 건강에 도움을 줄 수 있음 .
상황버섯등 추출복합물,혈관이완을 통한 혈행개선에 도움을 줄 수 있음 -
우뭇가사리추출물,체지방 감소에 도움을 줄 수 있음
베타글루칸분말,면역기능 증진에 도움을 줄 수 있음
미숙여주주정추출분말,식후 혈당상승 억제에 도움을 줄 수 있음
밀 추출물,피부보습에 도움을 줄 수 있음
콘드로이친 황산염,관절 및 연골 건강에 도움을 줄 수 있음
유단백가수분해물,수면의 질 개선에 도움을 줄 수 있음
작약추출물등복합물,위 점막을 보호하여 위 건강에 도움을 줄 수 있음
배초향 추출물,"피부보습에 도움을 줄 수 있음, 자외선에 의한 피부손상으로부터 피부건강을 유지하는데 도움을 줄 수 있음 ,"
배초향 추출물,자외선에 의한 피부손상으로부터 피부건강을 유지하는데 도움을 줄 수 있음
MS-10 엉겅퀴등복합추출물,갱년기 여성건강에 도움을 줄 수 있음 `
수국잎열수추출물,"피부보습에 도움을 줄 수 있음, 자외선에 의한 피부손상으로부터 피부건강 유지에 도움을 줄 수 있음 ,"
수국잎열수추출물,자외선에 의한 피부손상으로부터 피부건강 유지에 도움을 줄 수 있음
풋사과추출물 애플페논,체지방 감소에 도움을 줄 수 있음
인삼,간 건강에 도움을 줄 수 있음
들깨쇠비름혼합추출물,면역기능 증진에 도움을 줄 수 있음
구절초추출물,관절 및 연골 건강에 도움을 줄 수 있음
쑥부쟁이추출분말,면역과민반응에 의한 코 상태 개선에 도움을 줄 수 있음
뽕나무가지주정추출분말,혈당조절에 도움을 줄 수 있음
꾸지뽕잎추출물,위 불편감 개선에 도움을 줄 수 있음
루바브뿌리추출물,갱년기 여성 건강에 도움을 줄 수 있음
로즈마리추출물등복합물,자외선에 의한 피부손상으로부터 피부 건강 유지에 도움을 줄 수 있음
청호추출분말,간 건강에 도움을 줄 수 있음
실크단백질 산가수분해물,면역기능 증진에 도움을 줄 수 있음
청호추출분말,간 건강에 도움을 줄 수 있음
루테인지아잔틴추출복합물,노화로 인해 감소될 수 있는 황반색소밀도를 유지하여 눈 건강에 도움을 줄 수 있음
Lactiplantibacillus plantarum Q180,식후 혈중 중성지방 개선에 도움을 줄 수 있음
병풀추출분말,노화로 인해 감소될 수 있는 황반색소밀도를 유지하여 눈 건강에 도움을 줄 수 있음
복분자 추출물,혈중 콜레스테롤 개선에 도움을 줄 수 있음
사군자추출분말,전립선 건강의 유지에 도움을 줄 수 있음
발효율피추출분말,체지방 감소에 도움을 줄 수 있음
B.breve IDCC 4401,혈중 콜레스테롤 개선에 도움을 줄 수 있음
풋사과추출물 애플페논,체지방 감소에 도움을 줄 수 있음
모로오렌지추출분말,체지방 감소에 도움을 줄 수 있음
보스웰리아추출물등 복합물,관절 및 연골 건강에 도움을 줄 수 있음
가자추출물,관절 및 연골 건강에 도움을 줄 수 있음
레몬버베나추출물 등 복합물,체지방 감소에 도움을 줄 수 있음
유산균복합물,혈중 콜레스테롤 개선에 도움을 줄 수 있음
보스웰리아추출물,관절 및 연골 건강에 도움을 줄 수 있음
감잎주정추출분말,건조한 눈을 개선하여 눈건강에 도움을 줄 수 있음
L-글루탐산발효 가바분말,수면의 질 개선에 도움을 줄 수 있음
Lactiplantibacillus plantarum HAC01 프로바이오틱스,식후 혈당 상승 억제에 도움을 줄 수 있음
레몬밤민들레추출복합물,간 건강에 도움을 줄 수 있음
증숙생강추출분말,위 점막을 보호하여 위 건강에 도움을 줄 수 있음
전호잎추출물,관절건강에 도움을 줄 수 있음
산수유추출물등복합물,체지방 감소에 도움을 줄 수 있음
아쉬아간다 추출물,수면건강에 도움을 줄 수 있음
루바브뿌리추출물,갱년기 여성 건강에 도움을 줄 수 있음
루테인지아잔틴추출복합물,노화로 인해 감소될 수 있는 황반색소밀도를 유지하여 눈 건강에 도움을 줄 수 있음
타히보 추출물,관절 및 연골 건강 개선에 도움을 줄 수 있음
흰목이버섯효소분해추출물,노화로 인해 감소된 인지기능 개선에 도움을 줄 수 있음
Lactiplantibacillus plantarum TWK10 프로바이오틱스,운동수행능력 향상에 도움을 줄 수 있음
홍삼오일,전립선 건강의 유지에 도움을 줄 수 있음
열처리녹차추출물,기억력 개선에 도움을 줄 수 있음
Weissella cibaria JW15 프로바이오틱스,면역 기능에 도움을 줄 수 있음
해국추출물,체지방 감소에 도움을 줄 수 있음
천심련추출물,관절 건강에 도움을 줄 수 있음
가다랑어 엘라스틴 펩타이드,① 피부보습에 도움을 줄 수 있음 ② 자외선에 의한 피부손상으로부터 피부건강 유지에 도움을 줄 수 있음 ① ②
크릴오일등복합물,관절건강에 도움을 줄 수 있음
천심련추출물,관절 건강에 도움을 줄 수 있음
비수리추출분말,갱년기 남성건강에 도움을 줄 수 있음
크릴오일,관절건강에 도움을 줄 수 있음
현삼추출물,기억력 개선에 도움을 줄 수 있음
Lactiplantibacillus plantarum C29 프로바이오틱스와 발효대두분말의 복합물,노화로 저하된 인지기능 개선에 도움을 줄 수 있음
Bacillus coagulans Unique IS-2 프로바이오틱스,배변활동 원활에 도움을 줄 수 있음
저분자콜라겐펩타이드SH,피부 보습에 도움을 줄 수 있음 ()
저분자콜라겐펩타이드GT,피부 보습에 도움을 줄 수 있음 ()
사삼추출물,체지방 감소에 도움을 줄 수 있음
발아발효콩추출물,갱년기 여성 건강에 도움을 줄 수 있음
저분자콜라겐펩타이드 AG,① 피부 보습에 도움을 줄 수 있음 : 저분자콜라겐펩타이드 로서 1 /일 ② 자외선에 의한 피부손상으로부터 피부건강을 유지하는데 도움을 줄 수 있음 : 저분자콜라겐펩타이드 로서 1 /일
크릴오일,체지방 감소에 도움을 줄 수 있음
저분자콜라겐펩타이드,① 피부 보습에 도움을 줄 수 있음 ② 자외선에 의한 피부손상으로부터 피부건강을 유지하는데 도움을 줄 수 있음 ① () ②
녹용당귀등 복합추출물,전립선 건강의 유지에 도움을 줄 수 있음
와사비잎추출물,체지방 감소에 도움을 줄 수 있음
와사비잎추출물,체지방 감소에 도움을 줄 수 있음
L. plantarum LC27과 B. longum LC67의 프로바이오틱스 복합물,비알콜성 간손상으로부터 간 건강에 도움을 줄 수 있음 -
에키네시아추출물,면역기능 증진에 도움을 줄 수 있음
새싹보리추출물,알콜로 인해 증가된 산화적 스트레스로부터 간을 보호하는데 도움을 줄 수 있음
저분자유청단백가수분해물,근력개선에 도움을 줄 수 있음
저분자유청단백가수분해물,근력개선에 도움을 줄 수 있음
참당귀·녹용·황기 복합추출물,피로개선에 도움을 줄 수 있음
저분자 피쉬 콜라겐 펩타이드,① 피부 보습에 도움을 줄 수 있음 ② 자외선에 의한 피부 손상으로부터 피부 건강을 유지하는데 도움을 줄 수 있음 ① () ②
저분자 피쉬 콜라겐 펩타이드,① 피부 보습에 도움을 줄 수 있음 ② 자외선에 의한 피부 손상으로부터 피부 건강을 유지하는데 도움을 줄 수 있음 ① () ②
CaHMB,운동수행능력 향상에 도움을 줄 수 있음
새싹인삼추출분말,기억력 개선에 도움을 줄 수 있음
Bifidobacterium breve B-3 프로바이오틱스,체지방 감소에 도움을 줄 수 있음
유청단백지질추출물,① 피부 보습에 도움을 줄 수 있음 ② 자외선에 의한 피부 손상으로부터 피부 건강을 유지하는데 도움을 줄 수 있음 ① () ②
삼백초추출물,면역과민반응에 의한 코상태 개선에 도움을 줄 수 있음
저분자콜라겐펩타이드,① 피부 보습에 도움을 줄 수 있음 ② 자외선에 의한 피부 손상으로부터 피부 건강을 유지하는데 도움을 줄 수 있음 ① ②
Bacillus coagulans SNZ 1969 프로바이오틱스,배변활동 원활에 도움을 줄 수 있음
난각막분말,"① 피부 보습에 도움을 줄 수 있음, ② 자외선에 의한 피부 손상으로부터 피부 건강을 유지하는데 도움을 줄 수 있음 ① () , ②"
다이크로스타키스 글로메라타 추출물,체지방 감소에 도움을 줄 수 있음
발효굴추출물,근력개선에 도움을 줄 수 있음
단삼주정추출분말,갱년기 여성건강에 도움을 줄 수 있음
발효굴추출물,근력개선에 도움을 줄 수 있음
참나리추출분말,관절건강에 도움을 줄 수 있음
당귤농축분말,① 피부 보습에 도움을 줄 수 있음 ② 자외선에 의한 피부 손상으로부터 피부 건강을 유지하는데 도움을 줄 수 있음 ① () ②
강황추출물,근력개선에 도움을 줄 수 있음
양춘사추출물,체지방 감소에 도움을 줄 수 있음
옥수수수염·레몬밤추출복합물,체지방 감소에 도움을 줄 수 있음
옥수수수염·레몬밤추출복합물,체지방 감소에 도움을 줄 수 있음
다이크로스타키스 글로메라타 추출물,체지방 감소에 도움을 줄 수 있음
목천료추출분말,"① 피부 보습에 도움을 줄 수 있음, ② 자외선에 의한 피부 손상으로부터 피부 건강을 유지하는데 도움을 줄 수 있음 ① () , ②"
타마린드강황주정추출복합물,관절 및 연골 건강에 도움을 줄 수 있음
오미자·두충·구기자추출복합물,뼈 건강에 도움을 줄 수 있음
파비플로라생강뿌리추출물,체지방 감소에 도움을 줄 수 있음
보스웰리아추출물,관절건강에 도움을 줄 수 있음
기장밀추출복합물,모발상태(윤기·탄력) 개선에 도움을 줄 수 있음 (·)
루바브뿌리추출물,갱년기 여성 건강에 도움을 줄 수 있음
팔밋올레산 함유 명태,"① 피부 보습에 도움을 줄 수 있음, ② 자외선에 의한 피부 손상으로부터 피부 건강을 유지하는데 도움을 줄 수 있음 ① () , ②"
천마추출물,노화로 인해 저하된 인지기능 개선에 도움을 줄 수 있음
홍삼,혈당조절에 도움을 줄 수 있음
배초향·고지베리·무화과복합추출물,"① 피부 보습에 도움을 줄 수 있음, ② 자외선에 의해 손상된 피부 건강 유지에 도움을 줄 수 있음 ① , ②"
마리골드꽃추출물,「건강기능식품의 기준 및 규격」제3.2.2-26 마리골드꽃추출물에 따름
유산균발효굴추출물,어린이 키성장에 도움을 줄 수 있음
유산균발효굴추출물,어린이 키성장에 도움을 줄 수 있음
참당귀황기추출복합물,전립선 건강의 유지에 도움을 줄 수 있음
녹용효소분해추출물,면역기능 증진에 도움을 줄 수 있음
홍삼추출효소처리분말,혈압조절에 도움을 줄 수 있음
산딸기·왕느릅나무·치자추출복합물,위 점막을 보호하여 위 건강에 도움을 줄 수 있음
털부처꽃추출물,체지방 감소에 도움을 줄 수 있음
유산균발효대두분말,위 점막을 보호하여 위 건강에 도움을 줄 수 있음
에키네시아추출물,면역기능 증진에 도움을 줄 수 있음
황칠나무잎·줄기추출물,노화로 인해 저하된 인지기능 개선에 도움을 줄 수 있음
풋사과 농축분말,"① 피부 보습에 도움을 줄 수 있음, ② 자외선에 의한 피부손상으로부터 피부건강 유지에 도움을 줄 수 있음 ① , ②"
백편두추출분말,위 점막을 보호하여 위 건강에 도움을 줄 수 있음
영지버섯균사체추출분말,면역기능 증진에 도움을 줄 수 있음
난각막가수분해물,관절 및 연골 건강에 도움을 줄 수 있음
밀배유추출물,① 자외선에 의한 피부 손상으로부터 피부 건강을 유지하는데 도움을 줄 수 있음 ② 피부 보습에 도움을 줄 수 있음 ① ②
헛개나무과병·오미자박추출복합물,간 건강에 도움을 줄 수 있음
프로폴리스망고스틴껍질복합물,잇몸상태 완화에 도움을 줄 수 있음 ’
L. mucosae NK41과 B. longum NK46의 프로바이오틱스 복합물,노화로 인해 저하된 인지기능 개선에 도움을 줄 수 있음
헛개나무과병·오미자박추출복합물,간 건강에 도움을 줄 수 있음
프로바이오틱스,기관·기관지 상태(기침·가래 등) 개선에 도움을 줄 수 있음 · (· )
장미꽃잎추출물,"① 자외선에 의한 피부 손상으로부터 피부 건강을 유지하는데 도움을 줄 수 있음, ② 피부 보습에 도움을 줄 수 있음 ① , ②"
블랙커민추출분말,체지방 감소에 도움을 줄 수 있음
Latilactobacillus curvatus LB-P9 프로바이오틱스,모발상태(윤기·탄력) 개선에 도움을 줄 수 있음 (·)
Lactilactobacillus curvatus LB-P9 프로바이오틱스,모발상태(윤기·탄력) 개선에 도움을 줄 수 있음 (·)
마리골드꽃추출물,「건강기능식품의 기준 및 규격」제3.2.2-26 마리골드꽃추출물에 따름
식물스타놀에스테르,“식물스타놀 에스테르는 높은 혈중 콜레스테롤 수치 개선에 도움을 줄 수 있습니다(기타기능Ⅱ)”
라피노스,"""장내 유익균의 증식과 유해균의 억제에 도움을 줄 수 있습니다."" “배변활동을 원활히 하는데 도움을 줄 수 있습니다.” (기타기능)"
가쯔오부시 올리고 펩타이드,"""혈압이 걱정되시는 분에게 도움을 줄 수 있습니다."" (기타기능)"
글루코사민,관절 및 연골의 구성성분 관절 및 연골을 튼튼히 하는데 도움 관절 및 연골건강에 도움
카제인가수분해물,"""혈압이 걱정되시는 분에게 도움을 줄 수 있습니다."" (기타기능)"
Tonalin CLA FFA,“공액리놀레산( )는 과체중인 성인의 체지방 감소에 도움을 줄 수 있습니다.” (과체중인 성인을 대상으로 한 인체시험에서 를 섭취한 경우 체지방( )감소에 도움을 줄 수 있음이 많은 자료에서 확인되었으나 한국인을 대상으로 한 자료가 없었음. 따라서 반드시 ‘---에 도움을 줄 수 있습니다’의 형식으로 표시하여야 함.)
Tonalin CLA TG,“공액리놀레산( )는 과체중인 성인의 체지방 감소에 도움을 줄 수 있습니다.” (과체중인 성인을 대상으로 한 인체시험에서 를 섭취한 경우 체지방( )감소에 도움을 줄 수 있음이 많은 자료에서 확인되었으나 한국인을 대상으로 한 자료가 없었음. 따라서 반드시 ‘---에 도움을 줄 수 있습니다’의 형식으로 표시하여야 함.)
히알우론산 HA-LF-P,“피부 보습에 도움을 줄 수 있습니다.”
닭가슴연골분말,관절건강에 도움을 줄 수 있음(생리활성기능 2등급)
이소말토올리고당,"""장내 유익균의 증식과 유해균의 억제에 도움을 줄 수 있습니다."", ""배변활동을 원활히 하는데 도움을 줄 수 있습니다."" ◆ 인체시험에서 이소말토올리고당을 섭취할 경우 장내 유익균의 증식과 유해균을 억제하고, 배변활동을 원활히 하는데 도움을 줄 수 있음을 확인하였으나 자료의 수가 제한되어 있음. 따라서 반드시 ‘---에 도움을 줄 수 있습니다’의 형식으로 표시하여야 함."
CALRINOL 공액리놀레산,“공액리놀레산( )는 과체중인 성인의 체지방 감소에 도움을 줄 수 있습니다.” (과체중인 성인을 대상으로 한 인체시험에서 를 섭취한 경우 체지방( )감소에 도움을 줄 수 있음이 많은 자료에서 확인되었으나 한국인을 대상으로 한 자료가 없었음. 따라서 반드시 ‘---에 도움을 줄 수 있습니다’의 형식으로 표시하여야 함.)
CALRINOL 공액리놀레산,“공액리놀레산( )는 과체중인 성인의 체지방 감소에 도움을 줄 수 있습니다.” (과체중인 성인을 대상으로 한 인체시험에서 를 섭취한 경우 체지방( )감소에 도움을 줄 수 있음이 많은 자료에서 확인되었으나 한국인을 대상으로 한 자료가 없었음. 따라서 반드시 ‘---에 도움을 줄 수 있습니다’의 형식으로 표시하여야 함.)
가르시니아 캄보지아 껍질추출물,“탄수화물에서 지방으로의 합성을 억제하여 체지방 감소에 도움을 줍니다(기타기능Ⅰ)”
쏘팔메토 열매 추출물,“전립선 건강의 유지에 도움을 줄 수 있습니다” (기타기능 )
Rain Nutrience DistilPureTM MSM,관절건강에 도움이 될 수 있습니다(기타기능)
가르시니아 캄보지아 추출물,“탄수화물에서 지방으로의 합성을 억제하여 체지방 감소에 도움을 줍니다”(기타기능 )
자일로올리고당,"“장내 유익균 증식, 유해균 억제, 배변활동에 도움을 줄 수 있음”(기타기능"
홍경천추출물 KH101,“스트레스로 인한 피로개선에 도움을 줄 수 있음”(기타기능)
자일로올리고당,"“장내 유익균 증식, 유해균 억제, 배변활동에 도움을 줄 수 있음”(기타기능)"
가르시니아 캄보지아 껍질추출물,“탄수화물에서 지방으로의 합성을 억제하여 체지방 감소에 도움을 줍니다”(기타기능 )
파크랜 크랜베리 분말,“요로의 유해균 흡착 억제로 요로건강에 도움을 줄 수 있음”(기타기능)
밀크씨슬추출물,“간 건강에 도움을 줄 수 있음” (기타기능)
석류농축액,"갱년기 여성의 건강에 도움을 줄 수 있음, 피부 보습에 도움을 줄 수 있음"
저분자콜라겐펩타이드,관절 및 연골 건강에 도움을 줌
감마리놀렌산함유유지,월경 전 변화에 의한 불편한 상태 개선에 도움을 줄 수 있음(생리활성기능 2등급)
가르시니아 캄보지아 껍질추출물,“탄수화물에서 지방으로의 합성을 억제하여 체지방 감소에 도움을 줍니다”(기타기능 )
은행잎추출물,1) 성인의 기억력 개선에 도움을 줄 수 있음 (기타기능) 2) 혈행 개선에 도움을 줄 수 있음 (기타기능)
솔잎 증류 농축액,"""건강한 혈당의 유지에 도움을 줄 수 있음"" (기타기능)"
토치대두발효추출물,“‘토치대두발효추출물’은 발효시킨 콩을 추출한 것으로 당의 흡수를 억제하여 식후혈당을 건강하게 유지하는데 도움을 줄 수 있는 식품입니다.“(기타기능 )
바나바주정추출물,혈당 조절에 도움을 줄 수 있음(기타기능)
지각상엽추출혼합물,혈당 조절에 도움을 줄 수 있음 (기타기능)
그린커피빈추출물,체지방 감소에 도움을 줄 수 있음 (생리활성기능 2등급)
EPA 및 DHA 함유유지,건조한 눈을 개선하여 눈 건강에 도움을 줄 수 있음
EPA 및 DHA 함유 유지,기억력 개선에 도움을 줄 수 있음 (생리활성기능 2등급)
도라지추출물,간 건강에 도움을 줄 수 있음(생리활성기능 2등급)
비즈왁스알코올,1) 항산화에 도움을 줄 수 있음 2) 위점막을 보호하여 위건강에 도움을 줄 수 있음 3) 관절건강에 도움을 줄 수 있음
토치대두발효추출물,"“콩발효추출물은 발효시킨 콩을 추출한 것으로 당의 흡수를 억제하여 식후혈당을 건강하게 유지하는데 도움을 줄 수 있는 식품입니다."" (기타기능 )"
은행잎추출물,성인의 기억력 개선에 도움을 줄 수 있음 (기타기능) 혈행 개선에 도움을 줄 수 있음 (기타기능)
자일리톨,"◆ “충치발생위험감소” ◆ “자일리톨은 충치발생위험감소에 도움을 줍니다.” ◆ “자일리톨은 플라그 감소, 산생성 억제, 충치균 성장을 저해시켜 충치발생위험을 감소시킬 수 있습니다.” ※ 다수의 인체시험을 통하여 구강내의 플라그감소, 산생성억제, 충치균성장 억제의 기능으로 충치발생위험을 감소시킴이 확인되었음"
씨제이 테아닌등 복합추출물,“기억력 개선에 도움을 줄 수도 있으나 아직은 과학적 근거가 부족합니다” (동물시험을 통하여 기억력을 개선시키는 데 도움이 됨을 확인하였으나 인체시험에서는 확인되지 않았음)
씨제이 히비스커스 등 복합추출물,"""*은 체지방 감소에 도움을 줄 수 있습니다."" ◆ *: ‘씨제이히비스커스복합추출물’이 섭취량 이상 함유된 제품명 ◆ 인체시험에서 체지방 감소에 도움을 줄 수 있음을 확인하였으나 자료의 수가 제한되어 있음. 따라서 반드시 ‘---에 도움을 줄 수 있습니다’의 형식으로 표시하여야 함."
초록입홍합추출오일복합물,관절건강에 도움이 될 수 있습니다.
가르시니아 캄보지아 껍질추출물 60HCA,“탄수화물에서 지방으로의 합성을 억제하여 체지방 감소에 도움을 줍니다”(기타기능 )
밀크씨슬추출물,“간 건강에 도움을 줄 수 있으나 인체시험을 통한 확인이 필요함” (기타기능)
콜레우스 포스콜리 추출물 Forslean,체지방 감소에 도움을 줄 수 있습니다(기타기능)
가르시니아 캄보지아 껍질추출물 60HCA MP,“탄수화물에서 지방으로의 합성을 억제하여 체지방 감소에 도움을 줍니다”(기타기능 )
헛개나무과병추출분말,"알콜성 손상으로부터 간을 보호하는데 도움을 줄 수 있음(생리활성기능 2등급), 운동능력 향상에 도움을 줄 수 있음(생리활성기능 2등급), 스트레스로 인한 피로 개선에 도움을 줄 수 있음(생리활성기능 2등급)"
쌀겨추출물,피부보습에 도움을 줄 수 있음(기타)
가르시니아캄보지아껍질추출물 HCA-600-SXS,“탄수화물에서 지방으로의 합성을 억제하여 체지방 감소에 도움을 줍니다(기타Ⅰ)”
쏘팔메토 열매 초임계추출물,“쏘팔메토 열매추출물은 전립선 건강의 유지에 도움을 줄 수 있습니다.”
KANEKA Q10,"""코엔자임 10은 혈압이 높은 사람에게 도움을 줄 수 있습니다."" (기타기능)"
Dimethylsulfone,관절 건강에 도움을 줄 수 있음(기타기능)
Green Mate Extract EFLA® 920,“체지방 감소에 도움을 줄 수 있습니다”(기타기능)
천마 등 복합추출물,기억력 개선에 도움을 줄 수 있음(생리활성기능 2등급)
EPA 및 DHA 함유유지,건조한 눈을 개선하여 눈 건강에 도움을 줄 수 있음(생리활성기능 2등급)
무화과페이스트,배변활동 원활에 도움을 줄 수 있음 (생리활성기능 2등급)
홍경천추출물,“스트레스로 인한 피로개선에 도움을 줄 수 있음”(생리활성기능 2등급)
초록입홍합추출오일,관절건강에 도움을 줄 수 있음 (생리활성기능 2등급)
루테인복합물VBAF,“루테인은 노화로 인해 감소될 수 있는 황반색소밀도를 유지시켜 주어 눈건강에 도움을 줍니다.(기타 등급)”
보이차 추출물,“혈중 콜레스테롤 개선에 도움을 줄 수 있습니다.”(기타기능 )
EPA 및 DHA 함유유지,기억력 개선에 도움을 줄 수 있음
석류농축액,갱년기 여성의 건강에 도움을 줄 수 있음(생리활성기능 2등급)
EPA 및 DHA 함유유지,기억력 개선에 도움을 줄 수 있음
EPA 및 DHA 함유유지,건조한 눈을 개선하여 눈 건강에 도움을 줄 수 있음
보이차추출물,1) 체지방 감소에 도움을 줄 수 있음 2) 혈중 콜레스테롤 개선에 도움을 줄 수 있음
APIC 대두배아열수추출물등 복합물,체지방 감소에 도움을 줄 수 있음(생리활성기능 2등급)
EPA 및 DHA 함유유지,건조한 눈을 개선하여 눈 건강에 도움을 줄 수 있음.
L-글루타민,“과도한 운동 후의 -글루타민 보충은 신체 저항능력 향상에 도움이 될 수 있습니다” (기타기능)
EPA 및 DHA 함유 유지,건조한 눈을 개선하여 눈 건강에 도움을 줄 수 있음(생리활성기능 2등급)
마리골드 추출물,노화로 인해 감소될 수 있는 황반색소밀도를 유지하여 눈 건강에 도움을 줄 수 있음(생리활성기능 2등급)
포도씨 효소분해 추출 분말,혈압이 높은 사람에게 도움을 줄 수 있음(생리활성기능 2등급)
리프리놀-초록입홍합추출오일,“관절건강에 도움이 될 수 있음(기타기능)”
로즈힙분말,관절 및 연골 건강에 도움을 줄 수 있음 (생리활성기능 2등급)
은행잎추출물,인의 기억력 개선에 도움을 줄 수 있음 (기타기능) 혈행 개선에 도움을 줄 수 있음 (기타기능)
토마토추출물,항산화에 도움을 줄 수 있음 (생리활성기능 2등급)
밀크씨슬추출물,“간 건강에 도움을 줄 수 있음” (기타기능)
글루코사민,-관절 및 연골의 구성성분 -관절 및 연골을 튼튼히 하는데 도움 -관절 및 연골건강에 도움
미쯔비시 코엔자임Q10,"""코엔자임 10은 항산화에 도움을 줄 수 있습니다.” (기타기능)"
Dimethylsulfone,"""()은 관절건강에 도움이 될 수 있습니다.” (기타기능)"
유단백가수분해물,“유단백가수분해물은 스트레스로 인한 긴장을 완화하는데 도움을 줄 수 있습니다”(기타Ⅱ)
은행잎추출물,성인의 기억력 개선에 도움을 줄 수 있음 (기타기능) 혈행 개선에 도움을 줄 수 있음 (기타기능)
대두이소플라본,"“뼈 건강에 도움을 줄 수 있습니다."" (기타기능 )"
수용화 코큐텐 분말 ALL-Q,코엔자임10은 항산화에 도움을 줄 수 있습니다. (기타 등급)
내츄럴아스타잔틴컴플렉스,“헤마토코쿠스 2 초임계추출물의 섭취는 눈의 피로도 개선에 도움을 줄 수 있습니다.”(기타Ⅱ등급)
쏘팔메토 열매 추출물,“쏘팔메토 열매추출물은 전립선 건강의 유지에 도움을 줄 수 있습니다” (기타기능)
탈지달맞이꽃종자주정추출물,당의 흡수를 억제하여 식후 혈당상승억제에 도움을 줄 수 있음 (기타기능)
난소화성말토덱스트린,혈중 중성지질 개선에 도움을 줄 수 있음(기타기능 )
Tonalin CLA TG,"“과체중인 성인의 체지방 감소에 도움을 줄 수 있습니다."" (기타기능 )"
동결건조누에분말,“혈당조절에 도움을 줄 수 있음(기타Ⅱ)”
오메가-3 지방산 함유 유지,별도첨부
라피노스,1) 장내 유익균의 증식과 유해균의 억제에 도움을 줄 수 있습니다.(기타기능 ) 2) 배변활동을 원활히 하는데 도움을 줄 수 있습니다.(기타기능 )
표고버섯균사체 AHCC,“신체방어능력향상에 도움이 될 수 있으나 인체시험을 통한 확인이 필요함”
토마토추출물,“항산화에 도움을 줄 수 있음” (기타기능 )
감마리놀렌산 함유 유지,월경 전 변화에 의한 불편한 상태 개선에 도움을 줄 수 있음(생리활성기능 2등급)
루테인추출복합물OS20,“루테인은 노화로 인해 감소될 수 있는 황반색소밀도를 유지시켜 주어 눈건강에 도움을 줍니다.(기타Ⅰ등급)”
루테인추출복합분말CWD10,“루테인은 노화로 인해 감소될 수 있는 황반색소밀도를 유지시켜 주어 눈건강에 도움을 줍니다.(기타Ⅰ등급)”
커피만노올리고당분말,"“장내 유익균 증식, 유해균 억제, 배변활동에 도움을 줄 수 있음"" (기타기능 )"
Kaneka Q10,코엔자임10은 항산화에 도움을 줄 수 있습니다.
동우코엔자임Q10,"""코엔자임 10은 혈압이 높은 사람에게도움을 줄 수 있습니다."" (기타기능)"
CLARIONL 공액리놀렌산,“과체중인 성인의 체지방 감소에 도움을 줄 수 있습니다.” (기타기능 )“
FK-23,"""비특이적 면역을 증강시키는데 도움을 줄 수 있으나 인체시험에서의 확인이 필요합니다."" (기타기능)"
감마리놀렌산 함유 유지,월경 전 변화에 의한 불편한 상태 개선에 도움을 줄 수 있음(생리활성기능 2등급)
회화나무 열매 추출물,갱년기 여성의 건강에 도움을 줄 수 있음(생리활성기능 2등급)
지아잔틴 추출물,노화로 인해 감소될 수 있는 황반색소밀도를 유지시켜 주어 눈건강에 도움을 줍니다. (생리활성기능 1등급)
EPA & DHA 함유 유지,건조한 눈을 개선하여 눈 건강에 도움을 줄 수 있음
구아검가수분해물,"""장내 유익균 증식에 도움을 줄 수 있음(기타기능 )"""
중쇄지방산,이 제품은 중쇄지방산을 함유하고 있어 다른 식용유와 비교하였을 때 체지방 증가가 적을 수 있음(기타기능)
락추로스 파우더,"“유익균 증식, 유해균 억제에 도움을 줄 수 있습니다.”(기타기능 )"
호프추출물,“호프추출물은 관절 건강에 도움을 줄 수 있습니다” (기타기능)
난소화성말토덱스트린,"""난소화성말토덱스트린은 식사와 함께 섭취하면 당의 흡수를 억제시켜 식후 혈당 조절에 도움을 줄 수 있습니다."" ◆ 인체시험에서 난소화성말토덱스트린을 식사와 함께 섭취할 경우 당의 흡수를 억제시켜 식후 혈당 조절에 도움을 줄 수 있음을 확인하였으나 자료의 수가 제한되어 있음. 따라서 반드시 ‘---에 도움을 줄 수 있습니다’의 형식으로 표시하여야 함."
유니벡스대나무잎추출물,"◆ ""유니벡스 대나무잎추출물은 혈중 콜레스테롤 및 지질 조절, 항산화 효과에 도움을 줄 수 있으나 인체시험을 통한 확인이 필요합니다."" (동물시험에서 혈중 콜레스테롤 및 지질 조절, 항산화 효과에 도움을 줄 수 있음이 확인되었으나 인체시험 자료는 제출되지 않았음. 따라서 반드시 ‘--- 인체시험을 통한 확인이 필요합니다’의 형식으로 표시하여야 함.)"
Dimethylsulfone,"“ ()은 관절건강에 도움이 될 수 있으나 인체시험을 통한 확인이 필요합니다.” (동물시험을 통하여 관절건강에 도움이 될 수 있음이 확인되었으나 인체시험에서 확인이 필요함. 따라서, 반드시 “---는 도움을 줄 수 있으나 인체에서 확인이 필요합니다”라고 표기해야 함)"
끼꼬망 포도종자추출물,"""인체의 항산화능 증진에 도움을 줄 수 있습니다."" ◆ 인체시험에서 끼꼬망 포도종자추출물을 섭취할 경우 항산화능 증진에 도움을 줄 수 있음을 확인하였으나 자료의 수가 제한되어 있음. 따라서 반드시 ‘---에 도움을 줄 수 있습니다’의 형식으로 표시하여야 함."
밀크씨슬추출물,“간 건강에 도움을 줄 수 있음” (기타기능)
루테인추출물20%,“루테인은 노화로 인해 감소될 수 있는 황반색소밀도를 유지시켜 주어 눈 건강에 도움을 줍니다.”(기타 등급)
백수오 등 복합추출물,갱년기 여성의 건강에 도움을 줄 수 있음(기타 )
히알루론산,“피부 보습에 도움을 줄 수 있습니다.(기타Ⅱ)”
유산균발효마늘추출물분말,간 건강에 도움을 줄 수 있습니다.
지방산복합물 FAC,관절 건강에 도움을 줄 수 있음 (생리활성기능2등급)
스페인감초추출물,위 점막 내 헬리코박터균( ) 증식을 억제하고 위 점막을 보호하여 위 건강에 도움을 줄 수 있음(생리활성기능 2등급)
나토균배양분말,혈소판 응집억제에 의한 혈행개선에 도움을 줄 수 있음(생리활성기능 2등급)
가르시니아 캄보지아 껍질추출물,“탄수화물에서 지방으로의 합성을 억제하여 체지방 감소에 도움을 줍니다(기타Ⅰ)”
헤마토코쿠스 CO2 초임계 추출물,헤마토코쿠스 2 초임계추출물의 섭취는 눈의 피로도 개선에 도움을 줄 수 있습니다.”(기타Ⅱ등급)
포스파티딜세린,“노인의 인지능력 개선에 도움을 줄 수 있습니다.” (기타기능)
아티초크추출물,“담즙분비를 촉진하여 지방 소화에 도움을 줄 수 있음(기타기능 )”
밀크씨슬추출물,“간 건강에 도움을 줄 수 있음” (기타기능)
황기추출물 등 복합물,어린이 키성장에 도움을 줄 수 있음(생리활성기능 2등급)
밀크씨슬추출물,“간 건강에 도움을 줄 수 있음” (기타기능)
공액리놀레산,"""공액리놀레산( )은 과체중인 성인의 체지방 감소에 도움을 줄 수 있습니다.”"
탈지달맞이꽃종자주정추출물,"""당의 흡수를 억제하여 식후혈당상승억제에 도움을 줄 수 있습니다.” (기타기능Ⅱ)“"
CLA FFA,“공액리놀레산( )는 과체중인 성인의 체지방 감소에 도움을 줄 수 있습니다.” (과체중인 성인을 대상으로 한 인체시험에서 를 섭취한 경우 체지방( )감소에 도움을 줄 수 있음이 많은 자료에서 확인되었으나 한국인을 대상으로 한 자료가 없었음. 따라서 반드시 ‘---에 도움을 줄 수 있습니다’의 형식으로 표시하여야 함.)
아마인,“콜레스테롤 감소에 도움을 줄 수 있습니다“(기타기능Ⅱ)
미쯔비시 코엔자임 Q10,"""코엔자임 10은 항산화에 도움을 줄 수 있습니다."" (기타기능)"
빌베리주정추출물,"""눈의 피로 개선에 도움을 줄 수 있습니다."" (기타기능 )"
CJ식물성유지 디글리세라이드,이 제품은 디글리세라이드()를 함유하고 있어 다른 식용유와 비교하였을 때 식후 혈중 중성지방과 체지방 증가가 적을 수 있음(기타기능)
풋사과추출물 애플페논,체지방 감소에 도움을 줄 수 있음(생리활성기능 2등급)
L. Helveticus 발효물,"노화로 인해 저하된 인지력 개선에 도움을 줄 수 있으나, 관련 인체적용시험이 미흡함 (생리활성기능 3등급)"
CLA FFA,"“과체중인 성인의 체지방 감소에 도움을 줄 수 있습니다."" (기타기능 )"
로즈힙분말,"""로즈힙분말은 관절 및 연골건강에 도움을 줄 수 있습니다.”"
가르시니아 캄보지아 껍질추출물 GARSLIM,“탄수화물에서 지방으로의 합성을 억제하여 체지방 감소에 도움을 줍니다(기타Ⅰ)”
Enterococcus faecalis FK-23 효소 및 가열처리분말,“꽃가루에 의해 나타나는 코막힘의 개선에 도움을 줄 수 있음” (기타기능 )
폴리감마글루탐산,체내 칼슘 흡수 촉진에 도움을 줄 수 있음 (생리활성기능 2등급)
포도 종자 추출물,"“인체의 항산화능 증진에 도움을 줄 수 있습니다."" (기타기능 )"
감마리놀렌산 함유 유지,월경 전 변화에 의한 불편한 상태 개선에 도움을 줄 수 있음(생리활성기능 2등급)
매스틱 검,위 불편감 개선에 도움을 줄 수 있음 (생리활성기능 2등급)
피니톨 분말,혈당조절에 도움을 줄 수 있으나 관련 인체적용시험이 미흡함 (생리활성기능 3등급)
Opti MSM,디메틸설폰()은 관절건강에 도움이 될 수 있습니다.(기타기능)
루테인,“노화로 인해 감소될 수 있는 황반색소밀도를 유지하여 눈 건강에 도움을 줌”(기타기능Ⅰ)
테아닌,“스트레스로 인한 긴장을 완화시키는데 도움을 줄 수 있음” (기타기능 )
가르시니아 캄보지아 추출물,"“탄수화물에서 지방으로의 합성을 억제하여 체지방 감소에 도움을 줍니다"" (기타기능 )"
EPA 및 DHA 함유 유지,기억력 개선에 도움을 줄 수 있음
EPA 및 DHA 함유 유지,건조한 눈을 개선하여 눈 건강에 도움을 줄 수 있음
EPA 및 DHA 함유 유지,건조한 눈을 개선하여 눈 건강에 도움을 줄 수 있음(생리활성기능 2등급)
헤모힘 당귀등 혼합추출물,피로개선에 도움을 줄 수 있음
EPA 및 DHA 함유 유지,기억력 개선에 도움을 줄 수 있음
헛개나무과병추출분말,알콜성 손상으로부터 간을 보호하는데 도움을 줄 수 있음(생리활성기능 2등급)
루테인 지아잔틴 복합 추출물,노화로 인해 감소도리 수 있는 환반색소밀도를 유지시켜 주어 눈건강에 도움을 줍니다.(생리활성기능 1등급)
EPA 및 DHA 함유 유지,건조한 눈을 개선하여 눈 건강에 도움을 줄 수 있음(생리활성기능 2등급)
크레아틴,“크레아틴의 섭취는 근력 운동 시에 운동수행능력 향상에 도움을 줄 수 있습니다.”(기타기능 )
테아닌,“스트레스로 인한 긴장을 완화시키는데 도움을 줄 수 있음” (기타기능 )
아글리맥스,(1) 성상 : 밝은 황갈색의 분말 (2) 납(㎎/㎏) : 1.0 이하 (3) 총비소(㎎/㎏) : 1.0 이하 (4) 카드뮴(㎎/㎏) : 1.0 이하 (5) 총수은(㎎/㎏) : 1.0 이하 (6) 대장균군 : 음성
Green Mate Extract EFLA920,""" ? 920은 체지방 감소에 도움을 줄 수 있으나 아직은 과학적인 근거가 부족합니다."" 소수의 인체시험에서 “ ? 920”이 체지방 감소에 도움을 줄 수 있음이 입증되었으나 이를 설명할 수 있는 과학적 근거가 부족합니다. (기타기능)"
Green Mate Extract EFL 920,체지방 감소에 도움을 줄 수 있습니다 (기타기능)
루테인 지아잔틴 복합 추출물 20%,노화로 인해 감소될 수 있는 황반색소밀도를 유지시켜 주어 눈 건강에 도움을 줌(생리활성기능 1등급)
쏘팔메토 열매 추출물,“쏘팔메토 열매 추출물은 전립선 건강의 유지에 도움을 줄 수 있습니다” (기타기능)
썬테아닌,“스트레스로 인한 긴장을 완화시키는데 도움을 줄 수 있음” (기타기능 )
전칠삼 추출물 등 복합물,관절건강에 도움을 줄 수 있음(생리활성기능2등급)
돌외잎 추출물,스트레스로 인한 긴장완화에 도움을 줄 수 있음(생리활성기능 2등급)
크랜베리 추출물,요로에 유해균 흡착 억제로 요로건강에 도움을 줄 수 있음(생리활성기능 2등급)
오메가-3 지방산 함유 유지,기억력 개선에 도움을 줄 수 있음(생리활성기능 2등급)
감마리놀렌산 함유 유지,면역과민반응에 의한 피부상태 개선에 도움을 줄 수 있음(생리활성기능 2등급)
EPA 및 DHA 함유유지,건조한 눈을 개선하여 눈 건강에 도움을 줄 수 있음
피브로인추출물 BF-7,기억력 개선에 도움을 줄 수 있습니다. (기타 등급)
카카오분말,혈관이완을 통한 혈행개선에 도움을 줄 수 있음(생리활성기능 2등급)
연어펩타이드,혈압이 높은 사람에게 도움을 줄 수 있음 (기타기능)
헛개나무 과병 추출 분말,1) 알콜성 손상으로부터 간을 보호하는데 도움을 줄 수 있음(기타 ) 2) 스트레스로 인한 피로 개선에 도움을 줄 수 있음(생리활성기능 2등급) 3) 운동능력 향상에 도움을 줄 수 있음(생리활성기능 2등급)
피카오프레토 분말 등 복합물,“과민반응에 의한 코 상태 개선에 도움을 줄 수 있음(기타Ⅱ)”
회화나무열매추출물,갱년기 여성의 건강에 도움을 줄 수 있음(기타기능Ⅱ)
글로빈 가수분해물,식후 혈중 중성지질 개선에 도움을 줄 수 있음(기타기능Ⅱ)
해태올리고펩타이드,“혈압조절에 도움을 줄 수 있음(기타기능)”
가시오갈피 등 복합추출물,관절 건강에 도움을 줄 수 있음 (생리활성기능 2등급)
L-arabinose,설탕 소화흡수를 완만하게 하여 혈당조절에 도움을 줄 수 있음 (생리활성기능 2등급)
칸탈로프멜론추출물,1)산화스트레스로부터 인체를 보호하는데 도움을 줄 수 있습니다(기타) 2)혈관벽 두께 증가 억제를 통한 혈행개선에 도움을 줄 수 있습니다(기타) 3) 자외선에 의한 피부홍반개선으로 피부건강에 도움을 줄수 있음(기타)
민들레 등 추출복합물,피부보습에 도움을 줄 수 있음(생리활성기능 2등급)
키토올리고당,"체지방 감소에 도움을 줄 수 있으나, 관련 인체적용시험이 미흡함(생리활성기능 3등급)"
로즈힙분말,관절 및 연골 건강에 도움을 줄 수 있음(생리활성기능 2등급)
발효울금,"간 건강에 도움을 줄 수 있으나, 관련 인체적용시험이 미흡함(생리활성기능 3등급)"
나토균배양분말,혈행 개선에 도움을 줄 수 있음(생리활성기능 2등급)
가시오가피숙지황복합추출물,뼈 건강에 도움을 줄 수 있음(생리활성기능 2등급)
MR-10 민들레등복합추출물,갱년기 남성의 건강에 도움을 줄 수 있음(생리활성기능 2등급)
콩발효추출물,
콩발효추출물,식후 혈당상승 억제에 도움을 줄 수 있음(생리활성기능 2등급)
호박씨추출물 등 복합물,방광의 배뇨기능 개선에 도움을 줄 수 있음(생리활성기능 2등급)
참당귀 추출분말,1) 노화로 저하된 인지기능 개선에 도움을 줄 수 있음 2) 관절건강에 도움을 줄 수 있음(생리활성기능 2등급)
Collactive 콜라겐펩타이드,피부 보습에 도움을 줄 수 있음 (생리활성기능 2등급)
콜레우스 포스콜리 추출물,체지방 감소에 도움을 줄 수 있음 (생리활성기능 2등급)
인삼다당체추출물,면역기능 증진에 도움을 줄 수 있음(생리활성기능 2등급)
까마귀쪽나무 열매 주정추출물,관절건강에 도움을 줄 수 있음(생리활성기능 2등급)
로즈힙분말,관절 및 연골 건강에 도움을 줄 수 있음(생리활성기능 2등급)
황금등복합물,
도라지추출물,"노인의 인지능력 개선에 도움을 줄 수 있으나, 인체적용시험이 미흡(생리활성기능 3등급)"
HK 나토배양물,"혈액의 흐름을 방해할 수 있는 혈소판응집을 억제하여, 혈액흐름을 원활히 하는데 도움을 줄 수 있음(기타 )"
오미자추출물,갱년기 여성 건강에 도움을 줄 수 있음(생리활성기능 2등급)
유단백가수분해물,스트레스로 인한 긴장 완화에 도움을 줄 수 있음(생리활성기능 2등급)
비파엽추출물,기억력 개선에 도움을 줄 수 있음(생리활성기능 2등급)
발효식초석류복합물,
HK표고버섯균사체,
전칠삼추출물 등 복합물,
복분자추출분말,
회화나무열매추출물,갱년기 여성의 건강에 도움을 줄 수 있음(기타기능 )
금사상황버섯,면역기능 개선에 도움을 줄 수 있음(기타기능)
시서스추출물,체지방 감소에 도움
인삼추출물,-
깻잎추출물,체지방 감소에 도움을 줄 수 있음
감마리놀렌산 함유 유지,월경 전 변화에 의한 불편한 상태 개선에 도움을 줄 수 있음(생리활성기능 2등급)
오메가-3 지방산 함유 유지,기억력 개선에 도움을 줄 수 있음 (생리활성기능 2등급)
와일드망고 종자추출물,체지방 감소에 도움을 줄 수 있음 (생리활성기능 2등급)
허니부쉬추출발효분말,자외선에 의한 피부손상으로부터 피부 건강을 유지하는데 도움
옥수수배아추출물,피부보습에 도움을 줄 수 있음(생리활성기능 2등급)
밀크씨슬 추출물,간 건강에 도움을 줄 수 있음(생리활성기능 2등급)
피니톨 분말,피니톨은 캐롭빈 포드에서 정제?추출한 원료로서 혈당조절에 도움을 줄 수 있으나 인체시험에서 확인이 필요합니다.
바이오게르마늄 효모,면역기능 증진에 도움
L. curvatus HY7601와 L. plantarum KY1032의 프로바이오틱스 복합물,체지방 감소에 도움
연어이리추출물,위 점막을 보호하여 위 건강에 도움을 줄 수 있음
루바브뿌리추출물,갱년기 여성건강에 도움을 줄 수 있음
허니부쉬추출발효분말,자외선에의한 피부손상으로 피부건강 유지에 도움을 줄 수 있음
히알루론산,자외선에 의한 피부손상으로부터 피부 건강 유지에 도움을 줄 수 있음(생리활성기능 2등급)
감마리놀렌산함유유지,월경 전 변화에 의한 불편한 상태 개선에 도움을 줄 수 있음(생리활성기능 2등급)
감마리놀렌산함유유지,면역과민반응에 의한 피부 상태 개선에 도움을 줄 수 있음(생리활성기능 2등급)
히알루론산,피부 보습에 도움을 줄 수 있음(생리활성기능 2등급)
피엘에이지,면역조절에 도움을 줄 수 있음(생리활성기능 2등급)
핑거루트추출분말,1) 자외선에 의한 피부손상으로부터 피부 건강을 유지하는데 도움을 줄 수 있음(생리활성기능 2등급) 2) 체지방 감소에 도움을 줄 수 있음(생리활성기능 2등급)
빌베리추출물,눈의 피로도 개선에 도움
빌베리추출물,눈의 피로도 개선에 도움
스페인감초추출물,위 점막 내 헬리코박터( ) 증식을 억제하고 위 점막을 보호하여 위 건강에 도움을 줄 수 있습니다.
EPA 및 DHA 함유유지,건조한 눈을 개선하여 눈 건강에 도움을 줄 수 있음(생리활성기능 2등급)
감마리놀렌산함유유지,면역과민반응에 의한 피부상태 개선에 도움을 줄 수 있음(생리활성기능 2등급)
감마리놀렌산함유유지,월경 전 변화에 의한 불편한 상태 개선에 도움을 줄 수 있음(생리활성기능 2등급)
EPA 및 DHA 함유 유지,기억력 개선에 도움을 줄 수 있음(생리활성기능 2등급)
강황 추출물,관절건강에 도움을 줄 수 있음(생리활성기능 2등급)
오메가-3 지방산 함유 유지,기억력 개선에 도움을 줄 수 있음(생리활성기능 2등급)
리스펙타,첨부 파일 참고
PMO참밀알부민,
크랜베리 추출물,요로에 유해균 흡착 억제로 요로건강에 도움을 줄 수 있음(기타기능 )
동충하초 유래 P. hepiali 균사체,지구력 증진에 도움을 줄 수 있음
호로파종자 등 추출복합물,남성의 갱년기 건강에 도움을 줄 수 있음
상황버섯등 추출복합물,혈관 건강 개선을 통해 혈행개선에 도움을 줄 수 있습니다.
피쉬 콜라겐펩타이드,자외선에 의한 피부손상으로부터 피부건강을 유지하는데 도움을 줄 수 있음
쑥부쟁이추출분말,-
그린세라-F,위점막을 보호하여 위건강에 도움을 줄수 있음
로즈마리자몽추출복합물,자외선에 의한 피부손상으로부터 피부건강을 유지하는데 도움을 줄 수 있음
포도과피 효소발효추출물,안구건조 개선에 도움을 줄 수 있음
Tonalin CLA FFA,"“과체중인 성인의 체지방 감소에 도움을 줄 수 있습니다."" (기타기능 )"
헤마토코쿠스 CO2 초임계 추출물,“헤마토코쿠스 2 초임계추출물의 섭취는 눈의 피로도 개선에 도움을 줄 수 있습니다.”(기타Ⅱ등급)
루테인지아잔틴복합추출물,-
히알우론산나트륨,“피부 보습에 도움을 줄 수 있습니다.(기타Ⅱ)”
차즈기추출물,눈의 피로도 개선에 도움
밀크씨슬추출물,“간 건강에 도움을 줄 수 있으나 인체시험을 통한 확인이 필요함” (기타기능)
Novasoy,“뼈 건강에 도움을 줄 수 있습니다.” (기타기능 )
쏘이라이프,“뼈 건강에 도움을 줄 수 있습니다.” (기타기능 )
UREX 프로바이오틱스,유산균 증식을 통한 여성 질 건강에 도움을 줄 수 있음 (생리활성기능 2등급)
밀크씨슬추출물,“간 건강에 도움을 줄 수 있음” (기타기능)
소엽추출물,면역 과민반응 개선에 도움을 줄 수 있으나 인체에서의 확인이 필요함(기타기능)
피니톨,간 건강에 도움을 줄 수 있음
타가토스,식후 혈당조절에 도움을 줄 수 있음(기타기능)
프로바이오틱스,"1) 유익한 유산균 증식, 유해균 억제, 배변활동 원활 2) 장 면역을 조절하여 장 건강에 도움을 줄 수 있음(기타기능)"
밀크씨슬추출물,“간 건강에 도움을 줄 수 있으나 인체시험을 통한 확인이 필요함” (기타기능)
대두추출물등 복합물,갱년기 여성 건강에 도움
Tonalin CLA FFA,“공액리놀레산( )는 과체중인 성인의 체지방 감소에 도움을 줄 수 있습니다.” (과체중인 성인을 대상으로 한 인체시험에서 를 섭취한 경우 체지방( )감소에 도움을 줄 수 있음이 많은 자료에서 확인되었으나 한국인을 대상으로 한 자료가 없었음. 따라서 반드시 ‘---에 도움을 줄 수 있습니다’의 형식으로 표시하여야 함.)
청국장균배양정제물,면역기능 증진에 도움을 줄 수 있음(생리활성기능 2등급)
유단백추출물,뼈 건강에 도움을 줄 수 있음(생리활성기능 2등급)
인삼가수분해농축액,혈당 조절에 도움을 줄 수 있음(기타기능 )
녹차추출물,체지방 감소에 도움을 줄 수 있음(기타기능 )
호박씨추출물 등 복합물,방광의 배뇨기능 개선에 도움을 줄 수 있음(기타기능 )
돌외잎주정추출분말,체지방 감소에 도움을 줄 수 있음 (생리활성기능 2등급)
L-아르기닌,혈관이완을 통해 혈행 개선에 도움을 줄 수 있음(생리활성기능 2등급)
밀배유추출물,피부 보습에 도움을 줄 수 있음(생리활성기능 2등급)
석류추출물,갱년기 여성의 건강에 도움을 줄 수 있음(생리활성기능 2등급)
적포도발효농축액,콜레스테롤 개선에 도움을 줄 수 있음(생리활성기능 2등급)
EPA및DHA함유유지,건조한 눈을 개선하여 눈 건강에 도움을 줄 수 있음(생리활성기능 2등급)
EPA 및 DHA 함유 유지,건조한 눈을 개선하여 눈 건강에 도움을 줄 수 있음. (생리활성 기능 2등급)
BT-11원지추출분말,성인의 기억력 개선을 도움을 줄 수 있음(생리활성기능 2등급)
들쭉열매추출물,눈 건강에 도움을 줄 수 있으나 관련 인체적용시험이 미흡함(생리활성기능 3등급)
EPA 및 DHA 함유 유지,기억력 개선에 도움을 줄 수 있음
효모베타글루칸,면역기능 증진에 도움을 줄 수 있음(생리활성기능 2등급)
Lactobacillus sakei Probio65,면역과민반응에 의한 피부상태 개선에 도움을 줄 수 있음(생리활성기능 2등급)
Dimethylsulfone,관절 건강에 도움을 줄 수 있음 (생리활성기능2등급)
유산균발효다시마추출물,알콜성 손상으로부터 간 보호 및 기억력 개선에 도움기억기억력 개선에 도움을 줄 수 있음
홍경천추출물,스트레스로 인한 피로개선에 도움을 줄 수 있음(생리활성기능 2등급)
상엽추출물,식후혈당 상승 억제에 도움을 줄 수 있음(생리활성기능 2등급)
크레아틴,“근력 운동 시에 운동수행능력 향상에 도움을 줄 수 있습니다.”(기타기능 )
가르시니아 캄보지아껍질 추출물-PE 60,“탄수화물에서 지방으로의 합성을 억제하여 체지방 감소에 도움을 줍니다(기타Ⅰ)”
Geo-Fresh Organic 가르시니아 캄보지아 껍질추출물,“탄수화물에서 지방으로의 합성을 억제하여 체지방 감소에 도움을 줍니다(기타Ⅰ)”
리프리놀-초록입홍합추출오일,“관절건강에 도움이 될 수 있음(기타기능)”
Nopal추출물,“식후 혈당조절에 도움을 줄 수 있습니다” (기타기능)
쏘팔메토 열매 추출물,전립선 건강의 유지에 도움을 줄 수 있음(기타기능)
핑거루트추출물,1) 자외선에 의한 피부손상으로부터 피부 건강을 유지하는데 도움을 줄 수 있음. 2) 체지방감소에 도움을 줄 수 있음. 3) 피부보습에 도움을 줄 수 있음. (생리활성기능 2등급)
L-카르니틴 타르트레이트,운동으로 인한 피로개선에 도움을 줄 수 있음.
Lactobacillus gasseri BNR17,체지방 감소에 도움을 줄 수 있음(생리활성기능 2등급)
발효식초석류복합물,체지방 감소에 도움을 줄 수 있음(생리활성기능 2등급)
흑효모배양액분말,뼈 건강에 도움을 줄 수 있으나 관련 인체적용시험이 미흡함(기타기능 )
밀전분유래 난소화성말토덱스트린,장내 유익균의 증식과 유해균의 억제에 도움을 줄 수 있음(생리활성기능 2등급)
오메가-3 지방산 함유유지,기억력 개선에 도움을 줄 수 있음 (생리활성기능 2등급)
은행잎 추출물,성인의 기억력 개선에 도움을 줄 수 있음 (기타기능) 혈행 개선에 도움을 줄 수 있음 (기타기능)
가르시니아 캄보지아 껍질추출물 60HCA,“탄수화물에서 지방으로의 합성을 억제하여 체지방 감소에 도움을 줍니다”(기타기능 )
루테인복합물 SF20,“루테인은 노화로 인해 감소될 수 있는 황반색소밀도를 유지시켜 주어 눈건강에 도움을 줍니다.(기타 등급)”
쏘팔메토 열매 추출물,“전립선 건강의 유지에 도움을 줄 수 있습니다” (기타기능 )
유단백가수분해물,스트레스로 인한 긴장 완화에 도움을 줄 수 있음 (기타기능 Ⅱ)
가르시니아 캄보지아 껍질추출물,“탄수화물에서 지방으로의 합성을 억제하여 체지방 감소에 도움을 줍니다”(기타기능 )
감마리놀렌산 함유 유지,월경 전 변화에 의한 불편한 상태 개선에 도움을 줄 수 있음(생리활성기능 2등급)
곰피추출물,간 건강에 도움을 줄 수 있음
녹차추출물/테아닌 복합물,성인의 기억력 개선에 도움을 줄 수 있으나 인체에서의 확인이 필요함(기타기능)
파크랜크랜베리분말,요로의 유해균 흡착 억제로 요로건강에 도움을 줄 수 있음(생리활성기능 2등급)
파크랜크랜베리분말,요로의 유해균 흡착 억제로 요로건강에 도움을 줄 수 있음(생리활성기능 2등급)
콩․보리 발효복합물,피부 보습에 도움을 줄 수 있음(생리활성기능 2등급)
깻잎추출물,체지방 감소에 도움을 줄 수 있음(생리활성기능 2등급)
발효생성아미노산복합물,지구성 운동 시 피로개선에 도움을 줄 수 있음(생리활성기능 2등급)
,
HK표고버섯균사체,간 건강에 도움을 줄 수 있음(생리활성기능 2등급)
전칠삼추출물 등 복합물,관절건강에 도움을 줄 수 있음(기타기능)
폴리감마글루탐산,체내 칼슘흡수 촉진에 도움을 줌
홍경천 추출물,“스트레스로 인한 피로개선에 도움을 줄 수 있음”(생리활성기능 2등급)
녹차추출물,체지방 감소에 도움을 줄 수 있음(기타기능 )
폴리감마글루탐산,“체내 칼슘흡수 촉진에 도움을 줌” (기타기능 )
스피루리나원말,면역조절에 도움을 줄 수 있으나 인체시험을 통한 확인이 필요함 (기타기능Ⅲ)
밀크씨슬추출물,“간 건강에 도움을 줄 수 있음” (기타기능)
가르시니아 캄보지아 껍질추출물WS,“탄수화물에서 지방으로의 합성을 억제하여 체지방 감소에 도움을 줍니다”(기타기능 )
폴리감마글루탐산,체내 칼슘흡수 촉진에 도움을 줌(기타기능)
유산균발효다시마추출물,알콜성 손상으로부터 간을 보호하는데 도움을 줄 수 있음(기타기능 )
프로바이오틱스 HY7714,자외선에 의한 피부손상으로부터 피부 건강 유지에 도움을 줄 수 있음(생리활성기능 2등급)
마테열수추출물,"체지방 감소에 도움을 줄 수 있으나, 관련 인체적용시험이 미흡함(생리활성기능 3등급)"
마그나스표고균사체추출물분말,"“간 건강에 도움을 줄 수 있습니다"" (기타기능 )"
은행잎추출물,"성인의 기억력 개선에 도움을 줄 수 있음, 혈행 개선에 도움을 줄 수 있음 (생리활성기능 2등급)"
홍경천추출물,스트레스로 인한 피로개선에 도움을 줄 수 있음(생리활성기능 2등급)
키토올리고당,콜레스테롤감소
루테인지아잔틴복합추출물,눈 건강에 도움
감태추출물,수면의 질 개선에 도움을 줄 수 있음(생리활성기능 2등급)
히드록시프로필메틸셀룰로오스,식후 혈당상승 억제에 도움을 줄 수 있음(생리활성기능 2등급)
홍국쌀,콜레스테롤 개선
발효생성아미노산 복합물,지구성 운동 시 피로개선에 도움을 줄 수 있음(기타기능Ⅱ)
구아바잎추출물,식후 혈당조절에 도움을 줄 수 있음(기타기능 )
EPA 및 DHA 함유유지,건조한 눈을 개선아혀 눈 건강에 도움을 줄 수 있음(생리활성기능 2등급)
석류농축분말,피부 보습에 도움을 줄 수 있음.
오미자추출물,"근력 개선에 도움을 줄 수 있음, 관절 및 연골 건강에 도움을 줄 수 있음"
풋사과추출물 애플페논,체지방 감소에 도움을 줄 수 있음
쇠비름주정추출분말,장건강
저분자 콜라겐 펩타이드 NS,-
히알루론산나트륨,피부 보습에 도움을 줄 수 있음 (생리활성기능 2등급)
CMO 함유 FAC,관절 건강에 도움을 줄 수 있음 (생리활성기능2등급)
락토페린,체지방 감소에 도움을 줄 수 있음 (생리활성기능 2등급)
마카 젤라틴화 분말,1)운동수행능력 향상에 도움을 줄 수 있으나 관련 인체적용시험이 미흡함(생리활성기능 3등급) 2)정자 운동성 개선에 도움을 줄 수 있음(생리활성기능 2등급) 3)갱년기 남성 건강에 도움을 줄 수 있으나 관련 인체적용시험이 미흡
락티카제이바실러스 람노서스 아이디씨씨3201 열처리배양건조물,면역과민반응에 의한 피부상태 개선에 도움을 줄 수 있습니다.
우슬 등 복합물,연골 및 관절 건강에 도움을 줄 수 있음.
올리브잎주정추출물 EFLA943,
Lactobacillus acidophilus YT1,갱년기 여성건강에 도움을 줄 수 있음
자몽추출물등 복합물,체지방 감소에 도움
KANEKA Q10,“코엔자임10은 항산화에 도움을 줄 수 있습니다.” (기타Ⅱ등급)
감마리놀렌산 함유 유지,면역과민반응에 의한 피부상태 개선에 도움을 줄 수 있음(생리활성기능 2등급)
EPA 및 DHA 함유 유지,기억력 개선에 도움을 줄 수 있음. (생리활성 기능 2등급)
감마리놀렌산 함유 유지,면역과민반응에 의한 피부상태 개선에 도움을 줄 수 있음(생리활성기능 2등급)
감마리놀렌산 함유 유지,월경 전 변화에 의한 불편한 상태 개선에 도움을 줄 수 있음(생리활성기능 2등급)
복분자추출분말,
구절초추출물,관절 및 연골건강에 도움을 줄 수 있음
천심련추출물,관절 및 연골건강에 도움을 줄 수 있음
저분자콜라겐펩타이드,Ÿ 피부 보습에 도움을 줄 수 있음Ÿ 자외선에 의한 피부손상으로부터 피부건강을 유지하는 데 도움을 줄 수 있음
난각막분말,자외선에 의한 피부손상으로부터 피부건강 유지하는데 도움을 줄 수 있음 / 피부 보습에 도움을 줄 수 있음
EPA 및 DHA 함유 유지,갱년기 여성의 건강에 도움을 줄 수 있음
EPA 및 DHA 함유 유지,건조한 눈을 개선하여 눈 건강에 도움을 줄 수 있음(생리활성기능 2등급)
프로바이오틱스 ATP,면역과민반응에 의한 피부상태 개선에 도움을 줄 수 있으나 관련 인체적용시험이 미흡함(생리활성기능 3등급)
EPA 및 DHA 함유 유지,기억력 개선에 도움을 줄 수 있음
수국잎열수추출물,자외선에 의한 피부 손상으로부터 피부 건강을 유지하는데 도움을 줄 수 있음
참깨박추출물,인지기능 개선에 도움을 줄 수 있음
열처리녹차추출물,기억력 개선에 도움을 줄 수 있음
크릴오일등복합물,관절건강에 도움을 줄 수 있음
비수리추출분말,갱년기 남성 건강에 도움을 줄 수 있음
Bacillus coagulans SNZ 1969 프로바이오틱스,배변활동 원활에 도움을 줄 수 있음
다이크로스타키스 글로메라타 추출물,체지방 감소에 도움을 줄 수 있음
창녕양파추출액,혈중 콜레스테롤 개선에 도움을 줄 수 있음
미역 등 복합추출물,체지방 감소에 도움을 줄 수 있음(생리활성기능 2등급)
실크단백질 효소가수분해물,"혈당조절에 도움을 줄 수 있으나, 관련 인체적용시험이 미흡함(생리활성기능 3등급)"
서목태,1) 혈당 조절에 도움을 줄 수 있음(생리활성기능 2등급) 2) 혈압이 높은 사람에게 도움을 줄 수 있음(생리활성기능 2등급) 3) 체지방 감소에 도움을 줄 수 있음(생리활성기능 2등급)
뽕나무가지주정추출분말,혈당조절에 도움을 줄 수 있음(산화스트레스로부터 췌장을 보호하여 인슐린 분비를 조절함으로써 인슐린 감수성을 개선시켜 식후 혈당을 조절하는데 도움)
풋사과추출물 애플페논,체지방 감소에 도움
루바브뿌리추출물,갱년기 여성 건강에 도움을 줄 수 있음
현삼추출물,기억력 개선에 도움을 줄 수 있음.
Lactiplantibacillus plantarum C29 프로바이오틱스와 발효대두분말의 복합물,노화로 저하된 인지능력 개선에 도움을 줄 수 있음
루테인지아잔틴추출복합물,노화로 인해 감소될 수 있는 황반색소밀도를 유지하여 눈 건강에 도움을줄 수 있음
발효굴추출물,근력 개선에 도움을 줄 수 있음
로즈마리추출물등복합물,자외선에 의한 피부손상으로부터 피부건강 유지에 도움
청호추출분말,간 건강에 도움을 줄 수 있음
복분자동결건조분말,항산화에 도움을 줄 수 있음.
가다랑어 엘라스틴 펩타이드,피부 보습에 도움을 줄 수 있음
락토페린,면역력 증진에 도움을 줄 수 있음
헤마토코쿠스 추출물,“헤마토코쿠스 추출물의 섭취는 눈의 피로도 개선에 도움을 줄 수 있습니다.”(기타Ⅱ등급)
홍경천 추출물,스트레스로 인한 피로 개선에 도움을 줄 수 있음(기타기능Ⅱ)
창녕양파추출액,혈중 콜레스테롤 개선에 도움을 줄 수 있음 (기타기능 )
베타글루칸 분말,면역기능 증진에 도움
청호추출분말,간 건강에 도움을 줄 수 있음.
루테인지아잔틴추출복합물,노화로 인해 감소될 수 있는 황반색소밀도를 유지하여 눈 건강에 도움
Bifidobacterium breve B-3 프로바이오틱스,체지방 감소에 도움을 줄 수 있음
옥수수수염추출물등 복합물,체지방감소에 도움을 줄 수 있음
두충우슬추출복합물,갱년기 남성의 건강에 도움을 줄 수 있음
유크림농축분말,(1) 자외선에 의한 피부손상으로부터 피부건강을 유지하는데 도움을줄 수 있음 (2) 피부 보습에 도움을 줄 수 있음
병풀추출분말,"노화로 인해 감소될 수 있는 황반색소 밀도를 유지하여 눈 건강에 도움을 줄 수 있음 , 간 건강에 도움을 줄 수 있음"
밀크씨슬 추출물,간 건강에 도움을 줄 수 있음(기타기능)
빌베리주정추출물,눈의 피로 개선에 도움을 줄 수 있음 (기타기능)
히알루론산나트륨,피부 보습에 도움을 줄 수 있음 (생리활성기능 2등급)
Lactobacillus plantarum Q180,식후 혈중 중성지방 개선에 도움을 줄 수 있음
타히보 추출물,관절 및 연골 건강 개선에 도움을 줄 수 있음.
사삼추출물,체지방 감소에 도움
들쭉열매추출분말,자외선에 의한 피부손상으로부터 피부건강 유지에 도움을 줄 수 있음
단삼주정추출분말,갱년기 여성건강에 도움을 줄 수 있음
옥수수수염추출물등 복합물,체지방감소에 도움을 줄 수 있음
당귤농축분말,"자외선에 의한 피부손상으로부터 피부건강을 유지하는데 도움을 줄 수 있음, 피부 보습에 도움을 줄 수 있음"
아프리카망고 종자추출물,체지방 감소에 도움을 줄 수 있음(생리활성기능 2등급)
EPA 및 DHA 함유유지,건조한 눈을 개선하여 눈 건강에 도움을 줄 수 있음
보리 베타글루칸 추출물,혈중 콜레스테롤 개선에 도움을 줄 수 있음(생리활성기능 2등급)
유단백가수분해물,유단백가수분해물은 스트레스로 인한 긴장을 완화하는데 도움을 줄 수 있습니다.
EPA 및 DHA 함유유지,건조한 눈을 개선하여 눈 건강에 도움을 줄 수 있음(생리활성기능 2등급)
황국,혈중 콜레스테롤 개선에 도움을 줄 수 있음
발아발효콩추출물,갱년기 여성 건강에 도움을 줄 수 있음
블랙라즈베리 추출물,혈압 조절에 도움을 줄 수 있음
양춘사추출물,체지방 감소에 도움을 줄 수 있음
다이크로스타키스 글로메라타 추출물,체지방 감소에 도움을 줄 수 있음
레몬 밤 추출물 혼합분말,체지방 감소에 도움을 줄 수 있음(생리활성기능 2등급)
액상 다래추출물,면역 과민반응 개선에 도움을 줄 수 있음(기타기능)
참나리추출분말,관절 및 연골건강에 도움을 줄 수 있음
에키네시아추출물,면역기능 증진에 도움을 줄 수 있음
황해쑥추출분말,위점막을 보호하여 위건강에 도움을 줄 수 있음
석류농축분말,자외선에 의한 피부손상으로부터 피부 건강을 유지하는데 도움을 줄 수 있음.
돈태반 발효추출물,피로 개선에 도움을 줄 수 있음
대두올리고당,"""장내 유익균의 증식과 유해균의 억제에 도움을 줄 수 있습니다."", ""배변활동을 원활히 하는데 도움을 줄 수 있습니다."" ◆ 인체시험에서 대두올리고당을 섭취할 경우 장내 유익균의 증식과 유해균을 억제하고, 배변활동을 원활히 하는데 도움을 줄 수 있음을 확인하였으나 자료의 수가 제한되어 있음. 따라서 반드시 ‘---에 도움을 줄 수 있습니다’의 형식으로 표시하여야 함"
CLA-80HGR,“공액리놀레산( )는 과체중인 성인의 체지방 감소에 도움을 줄 수 있습니다.” (과체중인 성인을 대상으로 한 인체시험에서 를 섭취한 경우 체지방( )감소에 도움을 줄 수 있음이 많은 자료에서 확인되었으나 한국인을 대상으로 한 자료가 없었음. 따라서 반드시 ‘---에 도움을 줄 수 있습니다’의 형식으로 표시하여야 함.)
섬쑥부쟁이추출분말,인지능력 개선에 도움을 줄수 있음
레몬버베나추출물 등 복합물,체지방 감소에 도움을 줄 수 있음
Bacillus coagulans Unique IS-2 프로바이오틱스,배변활동 원활에 도움을 줄 수 있음
해국추출물,1
녹용효소분해추출물,면역기능개선에 도움을 줄 수 있음
CLA-80TAG,“공액리놀레산( )는 과체중인 성인의 체지방 감소에 도움을 줄 수 있습니다.” (과체중인 성인을 대상으로 한 인체시험에서 를 섭취한 경우 체지방( )감소에 도움을 줄 수 있음이 많은 자료에서 확인되었으나 한국인을 대상으로 한 자료가 없었음. 따라서 반드시 ‘---에 도움을 줄 수 있습니다’의 형식으로 표시하여야 함.)
씨제이 홍경천 등 복합추출물,"""씨제이홍경천등복합추출물은 혈당조절을 신경 쓰시는 분들의 공복혈당 조절에 도움을 줄 수 있으나 아직은 과학적 근거가 부족합니다."" ◆ 소수의 인체시험에서 여러 혈당조절 지표 중 공복혈당만이 유의적으로 감소되었으나 이를 설명할 수 있는 과학적 근거가 부족합니다. 따라서 반드시 ‘---에 도움을 줄 수 있으나 아직은 과학적 근거가 부족합니다’의 형식으로 표시하여야 함."
밀크씨슬추출물,“간 건강에 도움을 줄 수 있음” (기타기능)
가르시니아 캄보지아 껍질추출물 HCActive Ca 65,“탄수화물에서 지방으로의 합성을 억제하여 체지방 감소에 도움을 줍니다”(기타기능 )
저분자콜라겐펩타이드 AG,1. 피부보습에 도움을 줄 수 있음. 2. 자외선에 의한 피부손상으로부터 피부건강을 유지하는데 도움을 줄 수 있음.
스피루리나추출물,-
아마인,콜레스테롤 감소에 도움을 줄 수 있음 (기타기능 Ⅱ)
유산균복합물,혈중 콜레스테롤 개선에 도움을 줄 수 있음
가자추출물,관절 및 연골 건강에 도움을 줄 수 있음
레몬밤민들레추출복합물,간건강에 도움을 줄수 있음
가르시니아 캄보지아 껍질추출물 60,“탄수화물에서 지방으로의 합성을 억제하여 체지방 감소에 도움을 줍니다”(기타기능 )
가르시니아 캄보지아 껍질추출물,“탄수화물에서 지방으로의 합성을 억제하여 체지방 감소에 도움을 줍니다”(기타기능 )
MSM,“관절건강에 도움이 될 수 있습니다.”(기타기능 )
밀크씨슬추출물,“간 건강에 도움을 줄 수 있음” (기타기능)
맥아구절초추출복합물,월경 전 변화에 의한 불편한 상태 개선에 도움을 줄 수 있음
Lactiplantibacillus plantarum HAC01 프로바이오틱스,식후 혈당 상승 억제에 도움을 줄 수 있음
weissella cibaria JW15 프로바이오틱스,-
보스웰리아추출물,관절 및 연골건강에 도움을 줄 수 있음
감잎주정추출분말,건조한 눈을 개선하여 눈 건강에 도움을 줄 수 있음.
크릴오일,관절건강 개선에 도움을 줄 수 있음
저분자콜라겐펩타이드,"피부보습에 도움을 줄 수 있음, 자외선에 의한 피부손상으로부터 피부건강을 유지하는데 도움을 줄 수 있음, 관절 및 연골 건강에 도움을 줄 수 있음"
옻나무 추출분말,갱년기 남성의 건강에 도움을 줄 수 있음 (생리활성기능 2등급)
오메가-3 지방산 함유 유지,기억력 개선에 도움을 줄 수 있음 (생리활성기능 2등급)
AP 콜라겐 효소분해 펩타이드,피부 보습에 도움을 줄 수 있음 (기타 기능 Ⅱ)
은행잎추출물,1) 성인의 기억력 개선에 도움을 줄 수 있음 (기타기능) 2) 혈행 개선에 도움을 줄 수 있음 (기타기능)
L-카르니틴 타르트레이트,체지방 감소에 도움을 줄 수 있음 (기타기능 Ⅱ)
콘드로이친 황산염,관절 및 연골건강에 도움을 줄 수 있음
배초향 추출물,피부 보습
발효우슬등복합물,관절 건강에 도움
저분자콜라겐펩타이드SH,피부 보습에 도움을 줄 수 있음
레몬밤민들레추출복합물,간기능 개선에 도움을 줄 수 있음.
증숙생강추출분말,위 점막을 보호하여 위 건강에 도움을 줄 수 있음
녹용당귀등 복합추출물,전립선 건강의 유지에 도움을 줄 수 있음
와사비잎추출물,체지방감소에 도움을 줄 수 있음
새싹보리추출물,알콜로 인해 증가된 산화적 스트레스로부터 간을 보호하는데 도움을 줄 수 있음
Bimuno GOS powder,장 내 유익균 증식 및 유해균 억제에 도움을 줄 수 있음.
감마리놀렌산 함유 유지,면역과민반응에 의한 피부상태 개선에 도움을 줄 수 있음(생리활성기능 2등급)
감마리놀렌산 함유 유지,면역과민반응에 의한 피부상태 개선에 도움을 줄 수 있음(생리활성기능 2등급)
과채유래유산균,면역과민반응에 의한 피부상태 개선에 도움을 줄 수 있음(생리활성기능 2등급)
미숙여주주정추출분말,식후 혈당상승 억제에 도움을 줄 수 있음
사군자추출분말,전립선 건강에 도움
산수유추출물등복합물,체지방 감소에 도움을 줄 수 있음
와사비잎 추출물,체지방 감소에 도움을 줄 수 있음
전호잎추출물,관절건강에 도움
아쉬아간다 추출물,첨부서류 참고
실크단백질 산가수분해물,면역력 증진
유단백가수분해물,수면의 질 개선에 도움
배초향 추출물,자외선에 의한 피부손상으로부터 피부 건강 유지하는데 도움을 줄 수 있음
밀 추출물,피부보습에 도움을 줄 수 있음
루테인지아잔틴추출복합물,노화로 인해 감소될 수 있는 황반색소밀도를 유지하여 눈 건강에 도움을 줄 수 있음
포도잎추출물,혈소판 응집억제를 통한 혈행개선에 도움을 줌
Lactobacillus plantarum TWK10 프로바이오틱스,운동수행능력 향상에 도움을 줄 수 있음.
저분자유청단백가수분해물,근력 개선에 도움을 줄 수 있음
저분자 피쉬 콜라겐 펩타이드,첨부서류 참고
구아바잎추출물 등 복합물,"과민반응에 의한 코 상태(코 가려움, 재채기, 콧물) 개선에 도움을 줄 수 있음(기타기능)"
Nopal 추출물,식후 혈당조절에 도움을 줄 수 있습니다.(기타기능)
회화나무열매추출물,
미강주정추출물,수면에 도움을 줄 수 있음
루테인지아잔틴복합추출물,노화로 인해 감소될 수 있는 황반색소밀도를 유지하여 눈 건강에 도움을 줄 수 있음
세리포리아 락세라타 균사체 배양물,공복혈당 조절에 도움을 줄 수 있음 (식약처협의후 최종확정)
홍경천추출물,스트레스로 인한 피로개선에 도움을 줄 수 있음(생리활성기능 2등급)
"홍삼, 사상자, 산수유 복합추추출물",햇볕 또는 자외선에 의한 피부손상으로부터 피부건강을 유지하는데 도움을 줄 수 있습니다.(기타기능)
홍삼오일,전립선 건강에 도움을 줄 수 있음
인삼가시오갈피 등 혼합추출물,“기억력 개선에 도움을 줄 수 있으나 인체시험을 통한 확인이 필요함”(기타기능Ⅲ)
은행잎 추출물,1) 성인의 기억력 개선에 도움을 줄 수 있음 (기타기능) 2) 혈행 개선에 도움을 줄 수 있음 (기타기능)
보리 베타글루칸 추출물,“혈중 콜레스테롤 개선에 도움을 줄 수 있음” (기타기능)
Tonalin CLA TG,“공액리놀레산( )는 과체중인 성인의 체지방 감소에 도움을 줄 수 있습니다.” (과체중인 성인을 대상으로 한 인체시험에서 를 섭취한 경우 체지방( )감소에 도움을 줄 수 있음이 많은 자료에서 확인되었으나 한국인을 대상으로 한 자료가 없었음. 따라서 반드시 ‘---에 도움을 줄 수 있습니다’의 형식으로 표시하여야 함.)
밀크씨슬추출물,“간 건강에 도움을 줄 수 있음” (기타기능)
에키네시아추출물,면역기능 증진에 도움을 줄 수 있음.
Weissella cibaria JW15 프로바이오틱스,면역 기능 증진에 도움을 줄 수 있음
포도블루베리추출혼합분말,신청원료 섭취를 통한 단기 및 장기 기억력 강화
EPA 및 DHA 함유유지,기억력 개선에 도움을 줄 수 있음
저분자 피쉬 콜라겐 펩타이드,"자외선에 의한 피부손상으로부터 피부건강을 유지하는데 도움을 줄 수 있음, 피부 보습에 도움을 줄 수 있음"
흰목이버섯효소분해추출물,인지능력 개선에 도움을 줄 수 있습니다.
밀크씨슬추출물,“간 건강에 도움을 줄 수 있음” (기타기능)
Lutein20%,“루테인은 노화로 인해 감소될 수 있는 황반색소밀도를 유지시켜 주어 눈건강에 도움을 줍니다.(기타 등급)”
CaHMB,운동수행능력 향상에 도움을 줄 수 있음
비피도박테리움 브레베 아이디씨씨 4401,혈중 콜레스테롤 개선에 도움을 줄 수 있음
보스웰리아추출물등 복합물,관절 및 연골 건강에 도움
풋사과추출물 애플페논,체지방 감소에 도움을 줄 수 있음
저분자콜라겐펩타이드GT,피부 보습에 도움을 줄 수 있음
유청단백지질추출물,"1, 피부 보습에 도움을 줄 수 있음 2. 자외선에 의한 피부손상으로부터 피부건강을 유지하는데 도움을 줄 수 있음"
쇠비름들깨혼합추출물,면역력 증진
쑥부쟁이 추출 분말,면역과민반응에 의한 코상태 개선
로즈힙분말,관절 및 연골 건강에 도움을 줄 수 있음 (생리활성기능 2등급)
씨폴리놀 감태주정추출물,식후 혈당 감소에 도움을 줄 수 있음
유비퀴놀,항산화에 도움을 줄 수 있으나 관련 인체적용시험이 미흡함(생리활성기능 2등급)
삼백초추출물,면역과민반응에 의한 코 상태 개선에 도움을 줄 수 있음
유청단백지질추출물,① 피부 보습에 도움을 줄 수 있음 ② 자외선에 의한 피부손상으로부터 피부건강을 유지하는데 도움을 줄 수 있음
복분자 추출물,혈중 콜레스테롤 개선
L.plantarum IM76과 B.longum IM55복합물,"과민반응에 의한 코 상태(콧물, 코막힘 등) 개선에 도움."
작약추출물등복합물,위점막을 보호하고 상복부 불쾌감을 개선하여 위 건강에 도움을 줄 수 있음
수국잎열수추출물,체지방 감소에 도움을 줄 수 있음
난각막가수분해물,관절 및 연골 건강 개선에 도움을 줄 수 있음
L-테아닌,스트레스로 인한 긴장을 완화시키는데 도움을 줄 수 있음 (기타기능 )
풋사과 농축분말,피부 보습에 도움을 줄 수 있음
풋사과추출물 애플페논,체지방 감소에 도움을 줄 수 있음
대두이소플라본 추출물 분말,“뼈 건강에 도움을 줄 수 있습니다.” (기타기능 )
쏘우팔메토열매추출물,“쏘팔메토 열매추출물은 전립선 건강의 유지에 도움을 줄 수 있습니다” (기타기능)
액상 프락토올리고당,건강기능식품공전 .4.8 프락토올리고당
풋사과농축분말,자외선에 의한 피부손상으로부터 피부건강 유지에 도움을 줄 수 있음.
목천료추출분말,① 자외선에 의한 피부손상으로부터 피부건강 유지에 도움을 줄 수 있음. ② 피부보습에 도움을 줄 수 있음.
쏘팔메토 열매 추출물 등 복합물,“전립선 건강의 유지에 도움을 줄 수 있습니다” (기타기능 )
로즈힙 분말,"""로즈힙분말은 관절 및 연골건강에 도움을 줄 수 있습니다.”"
가르시니아 캄보지아 추출물,"“탄수화물에서 지방으로의 합성을 억제하여 체지방 감소에 도움을 줍니다"" (기타기능 )"
쏘팔메토 열매 추출물,“전립선 건강의 유지에 도움을 줄 수 있습니다” (기타기능 )
감마리놀렌산 함유 유지,월경 전 변화에 의한 불편한 상태 개선에 도움을 줄 수 있음(생리활성기능 2등급)
목천료추출분말,① 자외선에 의한 피부손상으로부터 피부건강 유지에 도움을 줄 수 있음 ② 피부보습에 도움을 줄 수 있음
Lactiplantibacillus plantarum PBS067 등 프로바이오틱스 복합물,피부보습에 도움을 줄 수 있음/ 자외선에 의한 피부손상으로부터 피부건강을 유지하는데 도움을 줄 수 있음
동충하초 주정추출물,면역기능 증진에 도움을 줄 수 있음 (생리활성기능 2등급)
프로바이오틱스 HY7714,피부 보습에 도움을 줄 수 있음(생리활성기능 2등급) 자외선에 의한 피부손상으로부터 피부 건강 유지에 도움을 줄 수 있음(생리활성기능 2등급)
계피추출분말,혈당조절에 도움을 줄 수 있으나 관련 인체적용시험이 미흡함(생리활성기능 3등급)
다래추출물,면역 과민반응 개선에 도움을 줄 수 있음(기타기능)
호로파 종자 추출물,서류 제출 예정.
Bacillus coagulans Unique IS-2 프로바이오틱스,배변활동 원활에 도움을 줄 수 있음
보스웰리아 추출물,관절 및 연골건강에 도움을 줄 수 있음 (생리활성기능 2등급)
백편두추출분말,위 점막을 보호하여 위 건강에 도움을 줄 수 있음
CJ저분자콜라겐펩타이드,① 피부보습에 도움을 줄 수 있음 ② 자외선에 의한 피부손상으로부터 피부건강을 유지하는데 도움을 줄 수 있음
인삼,.
유단백가수분해물,스트레스로 인한 긴장 완화에 도움을 줄 수 있음(생리활성기능 2등급)
식물스타놀 에스테르,높은 혈중 콜레스테롤 수치 개선에 도움을 줄 수 있음(생리활성기능 2등급)
가시오갈피 등 복합추출물,관절 건강에 도움을 줄 수 있음(기타기능 )
나한과박추출분말,관절 및 연골건강에 도움을 줄 수 있음
배초향·고지베리·무화과복합추출물,"항당화를 통한 피부 건강 개선에 도움을 줄 수 있음, 피부 보습에 도움을 줄 수 있음, 자외선에 의한 피부 손상으로부터 피부 건강을 유지하는데 도움을 줄 수 있음."
흑차추출물,혈중 중성지방 개선에 도움을 줄 수 있음
타마린드강황주정추출복합물,관절 및 연골건강에 도움을 줄 수 있음
오가피열매50%주정추출물건조엑스,혈압조절에 도움을 줌
블랙라즈베리 추출물,혈압개선에 도움
꾸지뽕잎추출물,위 불편감 개선에 도움을 줄 수 있음
강황추출물,근력개선에 도움을 줄 수 있음
굴가수분해물,.
천심련 추출물,관절건강에 도움을 줄 수 있음
유산균복합물,혈중 콜레스테롤 개선에 도움을 줄 수 있음
맥아구절초추출복합물,월경 전 변화에 의한 불편한 상태 개선에 도움을 줄 수 있음
L-글루탐산발효 가바분말,수면의 질 개선에 도움을 줄 수 있음
루바브뿌리추출물,갱년기 여성 건강에 도움을 줄 수 있음.
해국추출물,체지방 감소에 도움을 줄 수 있음
기장밀추출복합물,모발의 건강 상태 유지에 도움을 줄 수 있음
L. plantarum LC27과 B. longum LC67의 프로바이오틱스 복합물,알콜성 간 손상으로부터 간 건강에 도움을 줄 수 있음
프로바이오틱스,호흡기(기관∙기관지) 건강에 도움을 줄 수 있음
당조고추건조분말,식후 혈당 사승 억제에 도움을 줄 수 있음
L-테아닌,“스트레스로 인한 긴장을 완화시키는데 도움을 줄 수 있음” (기타기능 )
TEAVIGO,항산화 작용
L-글루타민산 유래 GABA 함유 분말,“혈압이 높은 사람에게 도움을 줄 수 있습니다. (기타기능Ⅱ)”
Tonalin CLA FFA,"“과체중인 성인의 체지방 감소에 도움을 줄 수 있습니다."" (기타기능 )"
지초추출물,피부보습에 도움을 줄 수 있음(기타기능Ⅱ)
Dimethylsulfone,관절 건강에 도움을 줄 수 있음(기타기능)
파비플로라생강뿌리추출물,체지방 감소에 도움을 줄 수 있음
보스웰리아추출물,관절 및 연골 건강에 도움을 줄 수 있음
녹차추출물,체지방 감소에 도움을 줄 수 있음(기타기능 )
키토산,체지방 감소에 도움을 줄 수 있음 (생리활성기능 2등급)
잔나비걸상버섯균사체,혈당 조절에 도움을 줄 수 있음 (생리활성기능 2등급)
팔밋올레산 함유 명태,피부 보습에 도움을 줄 수 있음/자외선에 의한 피부손상으로부터 피부건강을 유지해 줌
홍삼,혈당 조절에 도움을 줄 수 있음
오메가-3 지방산 함유 유지,기억력 개선에 도움을 줄 수 있음 (생리활성기능 2등급)
댕댕이나무열매,비알콜성 간기능 손상으로부터 간보호
까마귀쪽나무 열매 주정추출물,관절건강에 도움을 줄 수 있음(생리활성기능 2등급)
헛개나무과병추출분말,알콜성 손상으로부터 간을 보호하는데 도움을 줄 수 있음(생리활성기능 2등급)
올리브잎주정추출물,건강한 혈압의 유지에 도움을 줄 수 있음(생리활성기능 2등급)
Lactobacillus gasseri BNR17,체지방 감소에 도움을 줌
발효굴추출물,근력 성장에 도움을 줄 수 있음
KANEKA Q10,“코엔자임10은 항산화에 도움을 줄 수 있습니다.” (기타Ⅱ등급)
쏘팔메토,“쏘팔메토 열매 추출물은 전립선 건강의 유지에 도움을 줄 수 있습니다” (기타기능)
Free Lutein 복합물,루테인은 노화로 인해 감소될 수 있는 황반색소밀도를 유지시켜 주어 눈건강에 도움을 줍니다.”(기타Ⅰ등급)
FloraGLO Lutein,“루테인은 노화로 인해 감소될 수 있는 황반색소밀도를 유지시켜 주어 눈건강에 도움을 줍니다.”(기타Ⅰ등급)
토마토추출물,“항산화에 도움을 줄 수 있음” (기타기능 )
표고버섯균사체 AHCC,“면역기능 증진에 도움을 줄 수 있습니다” (기타기능)
루바브뿌리추출물,갱년기 여성 건강에 도움을 줄 수 있음
카제인가수분해물,혈압이 높은 사람에게 도움을 줄 수 있습니다.(기타기능 )
밀크씨슬추출물,“간 건강에 도움을 줄 수 있음” (기타기능)
황해쑥추출분말,위점막을 보호하여 위건강에 도움을 줄 수 있음
홍경천 추출물,“스트레스로 인한 피로개선에 도움을 줄 수 있음”(생리활성기능 2등급)
콜레우스 포스콜리 추출물,체지방 감소에 도움을 줄 수 있음(생리활성기능 2등급)
천마추출물,인지기능 개선에 도움을 줌
배초향·고지베리·무화과복합추출물,"항당화를 통한 피부 건강 개선에 도움을 줄 수 있음, 피부 보습에 도움을 줄 수 있음, 자외선에 의한 피부 손상으로부터 피부 건강을 유지하는데 도움을 줄 수 있음."
마리골드꽃추출물,
발효율피추출분말,체지방 감소에 도움
모로오렌지추출분말,체지방 감소에 도움을 줄 수 있음
솔잎증류농축액,건강한 혈당의 유지에 도움을 줄 수 있음 (생리활성기능2등급)
아쉬아간다 추출물,스트레스로 인한 긴장 완화에 도움을 줄 수 있음 (생리활성기능 2등급)
구기자추출물,기억력 개선에 도움을 줄 수 있음(생리활성기능 2등급)
당귀등추출복합물,노인의 기억력 개선에 도움을 줄 수 있음(생리활성기능 2등급)
소나무껍질추출물등복합물,햇볕 또는 자외선에 의한 피부손상으로부터 피부건강을 유지하는데 도움을 줄 수 있음(기타기능)
피쉬 콜라겐펩타이드,피부보습에 도움을 줄 수 있음
저분자유청단백가수분해물,근력 개선에 도움을 줄 수 있음
참당귀·녹용·황기 복합추출물,피로 개선에 도움을 줄 수 있음
새싹인삼추출분말,기억력 개선에 도움을 줄 수 있음
쏘팔메토 열매추출물,“쏘팔메토 열매추출물은 전립선 건강의 유지에 도움을 줄 수 있습니다.”
동우코엔자임Q10,"""코엔자임 10은 항산화에 도움을 줄 수 있습니다.” (기타기능Ⅱ)"
Methyl Slufonyl Methane,"""()은 관절건강에 도움이 될 수 있습니다.” (기타기능)"
,
그린커피빈주정추출물,체지방 감소에 도움을 줄 수 있음
콩발효추출물,
EPA 및 DHA 함유 유지,건조한 눈을 개선하여 눈 건강에 도움을 줄 수 있음
갈락토올리고당분말,자외선에 의한 피부손상으로부터 피부건강을 유지하는데 도움을 줄 수 있음
MS-10 엉겅퀴등복합추출물,갱년기 여성 건강
옻나무 추출분말,갱년기 남성의 건강에 도움을 줄 수 있음
쏘팔메토 열매 추출물,“전립선 건강의 유지에 도움을 줄 수 있습니다” (기타기능)
크릴오일,관절 및 연골 건강에 도움을 줄 수 있음
미쯔비시 코엔자임Q10,"""코엔자임 10은 혈압이 높은 사람에게 도움을 줄 수 있습니다."" (기타기능)"
루테인지아잔틴복합추출물20%,노화로 인해 감소될 수 있는 황반색소밀도를 유지시켜 주어 눈건강에 도움을 줌 (기타 등급)
Ca-PGA,“체내 칼슘흡수 촉진에 도움을 줌” (기타기능 )
밀크씨슬추출물,“간 건강에 도움을 줄 수 있음” (기타기능)
대두이소플라본추출물,"“뼈 건강에 도움을 줄 수 있습니다."" (기타기능 )"
피토쏘야,"“뼈 건강에 도움을 줄 수 있습니다."" (기타기능 )"
Tonalin CLA TG,"“과체중인 성인의 체지방 감소에 도움을 줄 수 있습니다."" (기타기능 )"
은행잎추출물,성인의 기억력 개선에 도움을 줄 수 있음 (기타기능) 혈행 개선에 도움을 줄 수 있음 (기타기능)
곤약감자추출분말,피부보습에 도움을 줄 수 있음 (기타기능 )
키토산,체지방 감소에 도움을 줄 수 있음 (생리활성기능 2등급)
감마리놀렌산 함유 유지,면역과민반응에 의한 피부상태 개선에 도움을 줄 수 있음 (생리활성기능 2등급)
피크노제놀-프랑스해안송껍질추출물,"""인체에 유해한 활성산소를 제거하는데 도움을 줄 수 있습니다."" “혈액의 흐름을 방해할 수 있는 혈소판응집을 억제하는데 도움을 줄 수 있습니다.”◆ 인체시험에서 “피크노제놀-프랑스해안송껍질추출물 <>”의 항산화 기능과 혈소판응집 기능이 확인되었으나 자료의 수가 제한되어 있습니다. 따라서 “~도움을 줄 수 있다.”의 형식으로 표시하여야 합니다."
폴리코사놀 - 사탕수수 왁스 알코올,“폴리코사놀은 높은 혈중 콜레스테롤 수치의 개선에 도움이 됩니다.” (충분한 인체시험에서 혈액 중의 총 콜레스테롤과 저밀도지단백( : )수치를 감소시키고 고밀도지단백( : ) 수치를 증가시키는데 도움이 됨을 확인하였습니다)
표고버섯균사체 AHCC,"“표고버섯균사체 는 신체방어능력 향상에 도움이 될 수 있으나 인체시험을 통한 확인이 필요합니다.” (동물시험을 통하여 신체방어능력 향상에 도움이 됨을 확인하였으나 인체시험에서는 확인되지 않았으므로, 반드시 “--인체에서 확인이 필요합니다” 를 표기해야 합니다)"
대두 포스파티딜세린,"""노인의 인지능력 개선에 도움을 줄 수 있습니다."" ◆ 인체시험에서 “대두 포스파티딜세린 (-)”의 노인의 인지능력 개선 기능이 확인되었으나 자료의 수가 제한되어 있습니다. 따라서 “~도움을 줄 수 있다.”의 형식으로 표시하여야 합니다."
로즈힙분말,"""로즈힙분말은 관절 및 연골 건강에 도움을 줄 수 있습니다."" ■인체시험에서 “로즈힙분말”의 관절 및 연골 건강에 도움을 줄 수 있는 기능이 확인되었으나 자료의 수가 제한되어 있습니다. 따라서 “~도움을 줄 수 있다.”의 형식으로 표시하여야 합니다."
Dimethylsulfone,"“ ()은 관절건강에 도움이 될 수 있으나 인체시험을 통한 확인이 필요합니다.” (동물시험을 통하여 관절건강에 도움이 될 수 있음이 확인되었으나 인체시험에서 확인이 필요함. 따라서, 반드시 “---는 도움을 줄 수 있으나 인체에서 확인이 필요합니다”라고 표기해야 함)"
구아바잎,"""식후 혈당조절에 도움을 줄 수 있습니다."" ■소수의 인체시험에서 “구아바잎”의 식후 혈당조절에 도움을 줄 수 있는 기능을 확인하였습니다. 따라서 “~도움을 줄 수 있다.”의 형식으로 표시하여야 합니다"
EPA 및 DHA 함유유지,기억력 개선에 도움을 줄 수 있음
우뭇가사리추출물,체지방 감소에 도움을 줄 수 있습니다.
오미자·두충·구기자추출복합물,뼈건강에 도움을 줄 수 있음
영지버섯균사체추출분말,면역기능 증진에 도움을 줄 수 있음
유산균발효굴추출물,어린이키성장에 도움을 줄 수 있음
저분자콜라겐펩타이드,자외선에의한 피부손상으로부터 피부건강을 유지하는데 도움을 줄 수 있음 / 피부 보습에 도움을 줄 수 있음
저분자콜라겐펩타이드,"자외선에의한 피부손상으로부터 피부건강을 유지하는데 도움을 줄 수 있음, 피부 보습에 도움을 줄 수 있음"
유산균발효굴추출물,어린이 키성장에 도움을 줄 수 있음.
참당귀황기추출복합물,전립선 건강 유지에 도움을 줄 수 있음
산딸기·왕느릅나무·치자추출복합물,"위를 보호하여 위 건강에 도움, *인체시험결과:위장관증상척도 설문지() 중 역류 증상+복통 증상의 중증도 및 빈도 점수, 증상 중증도 및 빈도 총점수, 소화불량 증상 중증도 및 빈도 점수, 설사 증상 중증도 점수, 변비 증상 중증도 점수의 유의성을 확인하여 본 인체적용시험을 통해 산딸기추출물 등 혼합물 4주 섭취가 위장관 증상 개선에 대한 유효성을 확인하였다. 또한 본 연구가 진행되는 동안 임상적으로 의미 있는 이상반응이나 신체변화가 관찰되지 않아서 산딸기추출물 등 혼합물 섭취가 인체에 안전하다고 판단하였다."
장미꽃잎추출물,"자외선에 의한 피부 손상으로부터 피부 건강을 유지하는데 도움을 줄 수 있음, 피부 보습에 도움을 줄 수 있음"
저분자유청단백가수분해물,근력향상에 도움을 줄 수 있음
털부처꽃추출물,체지방 감소에 도움을 줄 수 있음
사탕수수왁스알코올,혈중 콜레스테롤 수치 개선에 도움을 줄 수 있음
아쉬아간다추출물,
Lactiplantibacillus plantarum PBS067 등 프로바이오틱스 복합물,
유산균발효대두분말,위 점막 보호를 통해 위 불편감 개선에 도움을 줌
유산균발효대두분말,위 점막 보호를 통해 위 불편감 개선에 도움을 줌
보스웰리아추출물,
황칠나무잎·줄기추출물,인지기능개선에 도움을 줄 수 있음
홍삼추출효소처리분말,혈압조절에 도움을 줄 수 있음
블랙커민추출분말,체지방 감소에 도울을 줄 수 있음
Latilactobacillus curvatus LB-P9 프로바이오틱스,모발 건강상태 유지에 도움을 줄 수 있음
Latilactobacillus curvatus LB-P9 프로바이오틱스,모발의 건강 상태 유지에 도움을 줄 수 있음
마리골드꽃추출물,
마키베리추출물,건조한 눈을 개선하여 눈 건강에 도움을 줄 수 있음.
티아이소크라이시스루테아분말,눈 건강에 도움
밀배유추출물,피부보습에 도움을 줄 수 있음
프로폴리스망고스틴껍질복합물,
헛개나무과병·오미자박추출복합물,
보스웰리아추출물,
L. mucosae NK41과 B. longum NK46의 프로바이오틱스 복합물,
단삼주정추출분말,
헛개나무과병·오미자박추출복합물,
대두배아유산균발효물,갱년기 여성 건강에 도움을 줄 수 있음
상추추출물,
덖음귤피추출분말,
덖음귤피추출분말,
모로오렌지추출분말,
라임박주정추출물,
블랙커민추출분말,체지방감소에 도움을 줄 수있음
밀배유추출물,피부보습에 도움을 줄 수 있음.
골드키위유산균발효물,
히알루론산,
호로파종자추출물,
아라비아검,배변활동 원활에 도움을 줄 수 있음
베타카로틴,(1) 어두운 곳에서 시각 적응을 위해 필요 (2) 피부와 점막을 형성하고 기능을 유지하는데 필요 (3) 상피세포의 성장과 발달에 필요
비오틴,"(1) 지방, 탄수화물, 단백질 대사와 에너지 생성에 필요"
공액리놀레산,(1) 과체중인 성인의 체지방 감소에 도움을 줄 수 있음
가르시니아캄보지아 추출물,(1) 탄수화물이 지방으로 합성되는 것을 억제하여 체지방 감소에 도움을 줄 수 있음
대두이소플라본,(1) 기능성 내용 : 뼈 건강에 도움을 줄 수 있음
스쿠알렌,(1) 기능성 내용 : 항산화에 도움을 줄 수 있음
은행잎 추출물,(1) 기능성 내용 : 기억력 개선･혈행 개선에 도움을 줄 수 있음
밀크씨슬,① 간 건강에 도움을 줄 수 있음
비타민 E,항산화 작용을 하여 유해산소로부터 세포를 보호하는데 필요
비타민 K,(1) 정상적인 혈액응고에 필요 (2) 뼈의 구성에 필요
비타민 B1,(1) 탄수화물과 에너지 대사에 필요
비타민 B2,(1) 체내 에너지 생성에 필요
나이아신,(1) 체내 에너지 생성에 필요
판토텐산,"(1) 지방, 탄수화물, 단백질 대사와 에너지 생성에 필요"
비타민 B6,(1) 단백질 및 아미노산 이용에 필요 (2) 혈액의 호모시스테인 수준을 정상으로 유지하는데 필요
엽산,(1) 세포와 혈액생성에 필요 (2) 태아 신경관의 정상 발달에 필요 (3) 혈액의 호모시스테인 수준을 정상으로 유지하는데 필요
비타민 B12,(1) 정상적인 엽산 대사에 필요
비타민 C,(1) 결합조직 형성과 기능유지에 필요 (2) 철의 흡수에 필요 (3) 항산화 작용을 하여 유해산소로부터 세포를 보호하는데 필요
칼슘,(1) 뼈와 치아 형성에 필요 (2) 신경과 근육 기능 유지에 필요 (3) 정상적인 혈액응고에 필요 (4) 골다공증발생 위험 감소에 도움을 줌
마그네슘,(1) 에너지 이용에 필요 (2) 신경과 근육 기능 유지에 필요
철,(1) 체내 산소운반과 혈액생성에 필요 (2) 에너지 생성에 필요
차전자피식이섬유,(1) 혈중 콜레스테롤 개선･배변활동 원활에 도움을 줄 수 있음
알로에 겔,(1) 피부건강·장 건강·면역력 증진에 도움을 줄 수 있음
영지버섯 자실체 추출물,혈행 개선에 도움을 줄 수 있음
프락토올리고당,(1) 장내 유익균 증식 및 배변활동 원활에 도움을 줄 수 있음
대두단백,(1) 혈중 콜레스테롤 개선에 도움을 줄 수 있음
엽록소 함유 식물,(1) 기능성 내용 : 피부건강･항산화에 도움을 줄 수 있음 (2) 일일섭취량 : 총엽록소로서 8~150
스피루리나,(1) 기능성 내용 : 항산화･혈중 콜레스테롤 개선에 도움을 줄 수 있음
클로렐라,(1) 기능성 내용 : 피부건강･항산화･면역력 증진･혈중 콜레스테롤 개선에 도움을 줄 수 있음
글루코만난,혈중 콜레스테롤 개선·배변활동 원활에 도움을 줄 수 있음
마늘,혈중 콜레스테롤 개선·혈압조절에 도움을 줄 수 있음
홍경천 추출물,스트레스로 인한 피로 개선에 도움을 줄 수 있음
마리골드꽃추출물,(1) 노화로 인해 감소될 수 있는 황반색소밀도를 유지하여 눈 건강에 도움을 줄 수 있음
회화나무열매추출물,(1) 갱년기 여성의 건강에 도움을 줄 수 있음
핑거루트추출분말,(1) 자외선에 의한 피부손상으로부터 피부 건강을 유지하는데 도움을 줄 수 있음(생리활성기능 2등급) (2) 체지방 감소에 도움을 줄 수 있음(생리활성기능 2등급)
옻나무 추출분말,갱년기 남성의 건강에 도움을 줄 수 있음(생리활성기능 2등급)
중쇄지방산,이 제품은 중쇄지방산을 함유하고 있어 다른 식용유와 비교하였을 때 체지방 증가가 적을 수 있음 (생리활성기능 2등급)
보이차추출물,"체지방 감소에 도움을 줄 수 있음, 혈중 콜레스테롤 개선에 도움을 줄 수 있음(생리활성기능 2등급)"
옥수수배아추출물,피부보습에 도움을 줄 수 있음(생리활성기능2등급)
올리브잎주정추출물,혈압 조절에 도움을 줄 수 있음
감태추출물,수면의 질 개선에 도움을 줄 수 있음(생리활성기능 2등급)
L.plantarum IM76과 B.longum IM55 복합물,면역과민반응에 의한 코상태 개선에 도움을 줄 수 있음
까마귀쪽나무 열매 주정추출물,관절건강에 도움을 줄 수 있음(생리활성기능 2등급)
까마귀쪽나무 열매 주정추출물,관절건강에 도움을 줄 수 있음(생리활성기능 2등급)
석류추출물,갱년기 여성의 건강에 도움을 줄 수 있음
포도씨 효소분해 추출 분말,혈압이 높은 사람에게 도움을 줄 수 있음(생리활성기능 2등급)
이눌린/치커리추출물,"(1) 혈중 콜레스테롤 개선, 식후 혈당상승 억제·배변활동 원활에 도움을 줄 수 있음"
비타민 A,(1) 어두운 곳에서 시각 적응을 위해 필요 (2) 피부와 점막을 형성하고 기능을 유지하는데 필요 (3) 상피세포의 성장과 발달에 필요
비타민 D,(1) 칼슘과 인이 흡수되고 이용되는데 필요 (2) 뼈의 형성과 유지에 필요 (3) 골다공증발생 위험 감소에 도움을 줌
프로바이오틱스,유산균 증식 및 유해균 억제･배변활동 원활･장 건강에 도움을 줄 수 있음
구아바잎 추출물,ⓛ 식후 혈당상승 억제에 도움을 줄 수 있음
홍국,(1) 혈중 콜레스테롤 개선에 도움을 줄 수 있음
달맞이꽃종자 추출물,① 식후 혈당상승 억제에 도움을 줄 수 있음
포스파티딜세린,① 노화로 인해 저하된 인지력 개선·자외선에 의한 피부 손상으로부터 피부 건강 유지·피부보습에 도움을 줄 수 있음
테아닌,(1) 스트레스로 인한 긴장완화에 도움을 줄 수 있음
엠에스엠,(1) 관절 및 연골건강에 도움을 줄 수 있음
구아검/구아검가수분해물,(1) 혈중 콜레스테롤 개선·식후 혈당상승 억제·장내 유익균 증식·배변활동 원활에 도움을 줄 수 있음
보리식이섬유,(1) 배변활동 원활에 도움을 줄 수 있음
호로파종자식이섬유,(1) 식후 혈당상승 억제에 도움을 줄 수 있음
키토산/키토올리고당,(1) 혈중 콜레스테롤 개선·체지방 감소에 도움을 줄 수 있음
포도종자추출물,인체의 항산화능 증진에 도움을 줄 수 있습니다.(기타기능 )
커피만노올리고당분말,"장내 유익균 증식, 유해균 억제, 배변활동에 도움을 줄 수 있음 (기타기능 )"
구아바잎추출물 등 복합물,"과민반응에 의한 코 상태(코 가려움, 재채기, 콧물) 개선에 도움을 줄 수 있음(기타기능 )"
보이차 추출물,혈중 콜레스테롤 개선에 도움을 줄 수 있습니다.(기타기능 )
Nopal 추출물,식후 혈당조절에 도움을 줄 수 있습니다(기타기능)
표고버섯균사체추출물,간건강에 도움을 줄 수 있습니다.
락추로스 파우더,"유익균 증식, 유해균 억제에 도움을 줄 수 있습니다.(생리활성기능 2등급))"
Green Mate Extract EFLA® 920,체지방 감소에 도움을 줄 수 있습니다(생리활성기능 2등급)
피브로인추출물 BF-7,기억력 개선에 도움을 줄 수 있음(기타 등급)
콜레우스 포스콜리 추출물 Forslean,체지방 감소에 도움을 줄 수 있습니다(기타기능)
리프리놀-초록입홍합추출오일,관절 건강에 도움을 줄 수 있음
HK 나토배양물,"혈액의 흐름을 방해할 수 있는 혈소판응집을 억제하여, 혈액흐름을 원활히 하는데 도움을 줄 수 있음.(기타 )"
비즈왁스알코올,① 항산화에 도움을 줄 수 있음(생리활성기능 2등급) ② 위점막을 보호하여 위건강에 도움을 줄 수 있음(생리활성기능 2등급) ③ 관절 건강에 도움을 줄 수 있음(생리활성기능 2등급) ① ② ③
백수오 등 복합추출물,갱년기 여성 건강에 도움을 줄 수 있음
발효생성아미노산 복합물,지구성 운동 시 피로개선에 도움을 줄 수 있음(기타기능Ⅱ)
석류추출물,갱년기 여성의 건강에 도움을 줄 수 있음(기타Ⅱ)
콩․보리 발효복합물,피부 보습에 도움을 줄 수 있음 (생리활성기능 2등급)
폴리코사놀-사탕수수왁스알코올,"혈중 콜레스테롤 수치 개선에 도움을 줄 수 있음, 혈압조절에 도움을 줄 수 있음 ,"
식물스타놀에스테르,높은 혈중 콜레스테롤 수치개선에 도움
씨제이 히비스커스 등 복합추출물,체지방 감소에 도움을 줄 수 있음
초록입홍합추출오일복합물,관절건강에 도움을 줄 수 있음
L-카르니틴 타르트레이트,체지방 감소에 도움을 줄 수 있음 운동으로 인한 피로 개선에 도움을 줄 수 있음
Collactive 콜라겐펩타이드,피부 보습에 도움을 줄 수 있음
청국장균배양정제물,면역기능 증진에 도움을 줄 수 있음(생리활성기능 2등급)
로즈힙분말,관절 및 연골 건강에 도움을 줄 수 있음(생리활성기능 2등급)
씨폴리놀 감태주정추출물,1) 혈중 콜레스테롤 개선에 도움을 줄 수 있음 (생리활성기능 2등급) 2) 식후혈당 상승 억제에 도움을 줄 수 있음
솔잎 증류 농축액,건강한 혈당의 유지에 도움을 줄 수 있음(생리활성기능2등급)
아쉬아간다 추출물,스트레스로 인한 긴장 완화에 도움을 줄 수 있음 (생리활성기능 2등급)
콜레우스 포스콜리 추출물,체지방 감소에 도움을 줄 수 있음 (생리활성기능 2등급)
PMO 참밀알부민,참밀알부민은 급격한 식후 혈당상승을 억제하는데 도움을 줄 수 있습니다 (기타기능)
쏘팔메토 열매 추출물 등 복합물,전립선 건강의 유지에 도움을 줄 수 있습니다
다래추출물,면역 과민반응 개선에 도움을 줄 수 있음
L-글루타민산 유래 GABA 함유 분말,혈압이 높은 사람에게 도움을 줄 수 있습니다. (기타기능Ⅱ)
중쇄지방산,이 제품은 중쇄지방산을 함유하고 있어 다른 식용유와 비교하였을 때 체지방 증가가 적을 수 있음(기타기능)
CJ식물성유지 디글리세라이드,이 제품은 디글리세라이드()를 함유하고 있어 다른 식용유와 비교했을 때 식후 혈중 중성지방과 체지방 증가가 적을 수 있음(기타기능 )
카제인가수분해물,혈압이 높은 사람에게 도움을 줄 수 있습니다(기타기능 )
호프추출물,관절 건강에 도움을 줄 수 있습니다(기타기능)
Nopal추출물,식후 혈당조절에 도움을 줄 수 있습니다 (기타기능)
헛개나무과병추출분말,-알콜성 손상으로부터 간을 보호하는데 도움을 줄 수 있음 -운동능력 향상에 도움을 줄 수 있음 -스트레스로 인한 피로개선에 도움을 줄 수 있음 - - -
지아잔틴 추출물,노화로 인해 감소될 수 있는 황반색소밀도를 유지하여 눈건강에 도움을 줄 수 있음
루테인/지아잔틴 복합추출물,노화로 인해 감소될 수 있는 황반색소밀도를 유지하여 눈건강에 도움을 줄 수 있음
표고버섯균사체 AHCC,면역기능 증진에 도움을 줄 수 있음(생리활성기능 2등급)
이소말토올리고당,"장내 유익균의 증식과 유해균의 억제에 도움을 줄 수 있습니다, 배변활동을 원활히 하는데 도움을 줄 수 있습니다."
이소말토올리고당,"장내 유익균의 증식과 유해균의 억제에 도움을 줄 수 있습니다, 배변활동을 원활히 하는데 도움을 줄 수 있습니다."
대두올리고당,"장내 유익균의 증식과 유해균의 억제에 도움을 줄 수 있습니다, 배변활동을 원활히 하는데 도움을 줄 수 있습니다."
타가토스,식후 혈당조절에 도움을 줄 수 있음(기타기능Ⅱ)
당귀등추출복합물,노인의 기억력 개선에 도움을 줄 수 있음 (생리활성기능 2등급)
발효생성아미노산 복합물,지구성 운동 시 피로개선에 도움을 줄 수 있음 (생리활성기능 2등급)
밀전분유래 난소화성말토덱스트린,장내 유익균의 증식과 유해균의 억제에 도움을 줄 수 있음(기타기능)
마카 젤라틴화 분말,정자 운동성 개선에 도움을 줄 수 있음(생리활성기능 2등급)
스페인감초추출물,위 점막 내 헬리코박터균( ) 증식을 억제하고 위 점막을 보호하여 위 건강에 도움을 줄 수 있음 .
가시오갈피 등 복합추출물,관절 건강에 도움을 줄 수 있음(생리활성기능 2등급)
로즈힙분말,관절 및 연골건강에 도움을 줄 수 있음
호박씨추출물 등 복합물,방광의 배뇨기능 개선에 도움을 줄 수 있음(생리활성기능 2등급)
동충하초 발효 추출물,- 지구력 증진에 도움을 줄 수 있음
유산균발효다시마추출물,· 알콜성 손상으로부터 간을 보호하는데 도움을 줄 수 있음 · 기억력 개선에 도움을 줄 수 있음 · ·
유산균 발효 다시마추출물,알콜성 손상으로부터 간을 보호하는데 도움을 줄 수 있음(기타기능Ⅱ) -
헛개나무과병추출분말,알콜성 손상으로부터 간을 보호하는데 도움을 줄 수 있음
석류농축액,- 갱년기 여성의 건강에 도움을 줄 수 있음 - 피부보습에 도움을 줄 수 있음 - 자외선에 의한 피부 손상으로부터 피부건강을 유지하는데 도움을 줄 수 있음 - ` - -
보스웰리아 추출물,관절 및 연골건강에 도움을 줄 수 있음
카카오분말,혈관이완을 통한 혈행개선에 도움을 줄 수 있음(생리활성기능 2등급)
헛개나무과병추출분말,알콜성 손상으로부터 간을 보호하는데 도움을 줄 수 있음
글로빈 가수분해물,식후 혈중 중성지방 개선에 도움을 줄 수 있음(기타기능Ⅱ)
콜레우스 포스콜리 추출물,체지방 감소에 도움을 줄 수 있음 (생리활성기능 2등급)
HK표고버섯균사체,간건강에 도움을 줄 수 있음(기타기능)
쌀겨추출물,피부보습에 도움을 줄 수 있음(기타기능)
동결건조누에분말,혈당조절에 도움을 줄 수 있음
복분자추출분말,간 건강에 도움을 줄 수 있음(기타기능Ⅱ)
저분자콜라겐펩타이드,① 피부 보습에 도움을 줄 수 있음 ② 자외선에 의한 피부손상으로부터 피부 건강을 유지하는데 도움을 줄 수 있음 ① ②
MR-10 민들레등복합추출물,갱년기 남성의 건강에 도움을 줄 수 있음 (생리활성기능 2등급)
전칠삼추출물 등 복합물,관절 건강에 도움을 줄 수 있음
효모베타글루칸,면역기능 증진에 도움을 줄 수 있음(생리활성기능 2등급)
피엘에이지,인터루킨 4 감소를 통한 면역조절에 도움을 줄 수 있음 (생리활성기능 2등급)
카제인 가수분해물,혈압이 높은 사람에게 도움을 줄 수 있습니다.(기타기능 )
핑거루트추출분말,(1) 자외선에 의한 피부손상으로부터 피부 건강을 유지하는데 도움을 줄 수 있음 (2) 체지방 감소에 도움을 줄 수 있음 (3) 피부보습에 도움을 줄 수 있음 (1) (2) (3)
돌외잎주정추출분말,체지방 감소에 도움을 줄 수 있음 (생리활성기능 2등급) ( 2 )
Enterococcus faecalis 가열처리건조분말,꽃가루에 의해 나타나는 코막힘의 개선에 도움
"홍삼, 사상자, 산수유 복합추출물",햇볕 또는 자외선에 의한 피부손상으로부터 피부건강을 유지하는데 도움을 줄 수 있습니다(기타기능)
구기자추출물,기억력 개선에 도움을 줄 수 있음 (생리활성기능 2등급)
발효식초석류복합물,체지방 감소에 도움을 줄 수 있음(생리활성기능 2등급)
Lactobacillus gasseri BNR17,체지방 감소에 도움을 줄 수 있음(생리활성기능 2등급)
나토균배양분말,-혈압이 높은 사람에게 도움을 줄 수 있음 -혈소판 응집억제를 통한 혈행개선에 도움을 줄 수 있음 - -
마리골드 추출물,노화로 인해 감소될 수 있는 황반색소밀도를 유지하여 눈 건강에 도움을 줄 수 있음
콩발효추출물,식후 혈당상승 억제에 도움을 줄 수 있음(생리활성기능 2등급)
콩발효추출물,식후 혈당상승 억제에 도움을 줄 수 있음(생리활성기능 2등급)
CMO 함유 FAC,관절 건강에 도움을 줄 수 있음
UREX 프로바이오틱스,질내 유익균 증식 및 유해균 억제에 도움을 줄 수 있음
도라지추출물,간 건강에 도움을 줄 수 있음(생리활성기능 2등급)
무화과페이스트,배변활동 원활에 도움을 줄 수 있음(생리활성기능 2등급)
적포도발효농축액,콜레스테롤 개선에 도움을 줄 수 있음 (생리활성기능 2등급)
액상 다래추출물,면역 과민반응 개선에 도움을 줄 수 있음
인삼가수분해 농축액,혈당 조절에 도움을 줄 수 있음
그린커피빈추출물,체지방 감소에 도움을 줄 수 있음
식물스타놀 에스테르,높은 혈중 콜레스테롤 수치 개선에 도움을 줄 수 있음(생리활성기능 2등급)
민들레 등 추출복합물,피부보습에 도움을 줄 수 있음(생리활성기능 2등급)
MS-10 엉겅퀴등복합추출물,갱년기 여성건강에 도움을 줄 수 있음
해국추출물,- 체지방 감소에 도움을 줄 수 있음
홍국쌀,콜레스테롤 개선
헤모힘 당귀등 혼합추출물,면역기능 개선에 도움을 줄 수 있음
쇠비름주정추출분말,배변활동 원활에 도움을 줄 수 있음
차조기등복합추출물,
토치대두발효추출물,콩발효추출물은 발효시킨 콩을 추출한 것으로 당의 흡수를 억제하여 식후혈당을 건강하게 유지하는데 도움을 줄 수 있는 식품입니다.
APIC 대두배아열수추출물 등 복합물,체지방의 감소에 도움을 줄 수 있음
프로바이오틱스,"- 유익한 유산균 증식, 유해균 억제, 배변활동 원활 - 장 면역을 조절하여 장 건강에 도움을 줄 수 있음"
밀 추출물,- 피부보습에 도움을 줄 수 있음
실크단백질 산가수분해물,- 면역기능 증진에 도움을 줄 수 있음
복분자 추출물,혈중 콜레스테롤 개선에 도움을 줄 수 있음
보스웰리아추출물등 복합물,관절 및 연골 건강에 도움을 줄 수 있음
B.breve IDCC 4401,혈중 콜레스테롤 개선에 도움을 줄 수 있음
,
루바브뿌리추출물,갱년기 여성 건강에 도움을 줄 수 있음
꾸지뽕잎추출물,위 불편감 개선에 도움을 줄 수 있음
저분자콜라겐펩타이드SH,피부 보습에 도움을 줄 수 있음 ()
사삼추출물,체지방 감소에 도움을 줄 수 있음
타히보 추출물,관절 및 연골 건강 개선에 도움을 줄 수 있음
유산균복합물,혈중 콜레스테롤 개선에 도움을 줄 수 있음
L-글루탐산발효 가바분말,수면의 질 개선에 도움을 줄 수 있음
보스웰리아추출물,관절 및 연골 건강에 도움을 줄 수 있음
루테인지아잔틴추출복합물,노화로 인해 감소될 수 있는 황반색소밀도를 유지하여 눈 건강에 도움을 줄 수 있음
청호추출분말,간 건강에 도움을 줄 수 있음
Weissella cibaria JW15 프로바이오틱스,면역 기능에 도움을 줄 수 있음
루테인지아잔틴추출복합물,노화로 인해 감소될 수 있는 황반색소밀도를 유지하여 눈 건강에 도움을 줄 수 있음
비수리추출분말,갱년기 남성건강에 도움을 줄 수 있음
천심련추출물,관절 건강에 도움을 줄 수 있음
콜레우스포스콜리 추출물,(1) 체지방 감소에 도움을 줄 수 있음
Bacillus coagulans Unique IS-2 프로바이오틱스,배변활동 원활에 도움을 줄 수 있음
현삼추출물,기억력 개선에 도움을 줄 수 있음
해국추출물,체지방 감소에 도움을 줄 수 있음
에키네시아추출물,면역기능 증진에 도움을 줄 수 있음
참당귀·녹용·황기 복합추출물,피로개선에 도움을 줄 수 있음
Lactiplantibacillus plantarum TWK10 프로바이오틱스,운동수행능력 향상에 도움을 줄 수 있음
저분자 피쉬 콜라겐 펩타이드,① 피부 보습에 도움을 줄 수 있음 ② 자외선에 의한 피부 손상으로부터 피부 건강을 유지하는데 도움을 줄 수 있음 ① () ②
EPA 및 DHA 함유 유지,(1) 기능성 내용 : 혈중 중성지질 개선･혈행 개선･기억력 개선･건조한 눈을 개선하여 눈 건강에 도움을 줄 수 있음
와사비잎추출물,체지방 감소에 도움을 줄 수 있음
저분자콜라겐펩타이드,① 피부 보습에 도움을 줄 수 있음 ② 자외선에 의한 피부 손상으로부터 피부 건강을 유지하는데 도움을 줄 수 있음 ① ②
유청단백지질추출물,① 피부 보습에 도움을 줄 수 있음 ② 자외선에 의한 피부 손상으로부터 피부 건강을 유지하는데 도움을 줄 수 있음 ① () ②
Lactiplantibacillus plantarum C29 프로바이오틱스와 발효대두분말의 복합물,노화로 저하된 인지기능 개선에 도움을 줄 수 있음
저분자유청단백가수분해물,근력개선에 도움을 줄 수 있음
백편두추출분말,위 점막을 보호하여 위 건강에 도움을 줄 수 있음
루바브뿌리추출물,갱년기 여성 건강에 도움을 줄 수 있음
돈태반 발효추출물,피로 개선에 도움을 줄 수 있음
배초향 추출물,-피부보습에 도움을 줄 수 있음 -자외선에 의한 피부손상으로부터 피부건강을 유지하는데 도움을 줄 수 있음 - -
발효우슬등복합물,관절건강에 도움을 줄 수 있음
구절초추출물,관절 및 연골 건강에 도움을 줄 수 있음
뽕나무가지주정추출분말,혈당조절에 도움을 줄 수 있음
레몬밤민들레추출복합물,간 건강에 도움을 줄 수 있음
발아발효콩추출물,갱년기 여성 건강에 도움을 줄 수 있음
유산균발효마늘추출분말,간건강에 도움을 줄 수 있음
루바브뿌리추출물,갱년기 여성 건강에 도움을 줄 수 있음
레몬버베나추출물 등 복합물,체지방 감소에 도움을 줄 수 있음
저분자콜라겐펩타이드,① 피부 보습에 도움을 줄 수 있음 ② 자외선에 의한 피부손상으로부터 피부건강을 유지하는데 도움을 줄 수 있음 ① () ②
Lactiplantibacillus plantarum HAC01 프로바이오틱스,식후 혈당 상승 억제에 도움을 줄 수 있음
와사비잎추출물,체지방 감소에 도움을 줄 수 있음
저분자유청단백가수분해물,근력개선에 도움을 줄 수 있음
두충우슬추출복합물,갱년기 남성의 건강에 도움을 줄 수 있음
전호잎추출물,관절건강에 도움을 줄 수 있음
파비플로라생강뿌리추출물,체지방 감소에 도움을 줄 수 있음
난각막분말,"① 피부 보습에 도움을 줄 수 있음, ② 자외선에 의한 피부 손상으로부터 피부 건강을 유지하는데 도움을 줄 수 있음 ① () , ②"
녹용당귀등 복합추출물,전립선 건강의 유지에 도움을 줄 수 있음
영지버섯균사체추출분말,면역기능 증진에 도움을 줄 수 있음
목천료추출분말,"① 피부 보습에 도움을 줄 수 있음, ② 자외선에 의한 피부 손상으로부터 피부 건강을 유지하는데 도움을 줄 수 있음 ① () , ②"
산수유추출물등복합물,체지방 감소에 도움을 줄 수 있음
유산균발효대두분말,위 점막을 보호하여 위 건강에 도움을 줄 수 있음
참당귀황기추출복합물,전립선 건강의 유지에 도움을 줄 수 있음
유산균발효굴추출물,어린이 키성장에 도움을 줄 수 있음
발효굴추출물,근력개선에 도움을 줄 수 있음
황칠나무잎·줄기추출물,노화로 인해 저하된 인지기능 개선에 도움을 줄 수 있음
풋사과 농축분말,"① 피부 보습에 도움을 줄 수 있음, ② 자외선에 의한 피부손상으로부터 피부건강 유지에 도움을 줄 수 있음 ① , ②"
락티카제이바실러스 람노서스 아이디씨씨3201 열처리배양건조물,면역과민반응에 의한 피부상태 개선에 도움을 줄 수 있음
Latilactobacillus curvatus LB-P9 프로바이오틱스,모발상태(윤기·탄력) 개선에 도움을 줄 수 있음 (·)
마리골드꽃추출물,「건강기능식품의 기준 및 규격」제3.2.2-26 마리골드꽃추출물에 따름
L. mucosae NK41과 B. longum NK46의 프로바이오틱스 복합물,노화로 인해 저하된 인지기능 개선에 도움을 줄 수 있음
헛개나무과병·오미자박추출복합물,간 건강에 도움을 줄 수 있음
프로폴리스망고스틴껍질복합물,잇몸상태 완화에 도움을 줄 수 있음 ’
Lactilactobacillus curvatus LB-P9 프로바이오틱스,모발상태(윤기·탄력) 개선에 도움을 줄 수 있음 (·)
에키네시아추출물,면역기능 증진에 도움을 줄 수 있음
배초향 추출물,자외선에 의한 피부손상으로부터 피부건강을 유지하는데 도움을 줄 수 있음
작약추출물등복합물,위 점막을 보호하여 위 건강에 도움을 줄 수 있음
사군자추출분말,전립선 건강의 유지에 도움을 줄 수 있음
인삼,간 건강에 도움을 줄 수 있음
단삼주정추출분말,갱년기 여성건강에 도움을 줄 수 있음
새싹보리추출물,알콜로 인해 증가된 산화적 스트레스로부터 간을 보호하는데 도움을 줄 수 있음
다이크로스타키스 글로메라타 추출물,체지방 감소에 도움을 줄 수 있음
녹용효소분해추출물,면역기능 증진에 도움을 줄 수 있음
새싹인삼추출분말,기억력 개선에 도움을 줄 수 있음
장미꽃잎추출물,"① 자외선에 의한 피부 손상으로부터 피부 건강을 유지하는데 도움을 줄 수 있음, ② 피부 보습에 도움을 줄 수 있음 ① , ②"
루테인지아잔틴복합추출물,노화로 인해 감소될 수 있는 황반색소밀도를 유지하여 눈건강에 도움을 줄 수 있음
풋사과추출물 애플페논,체지방 감소에 도움을 줄 수 있음(생리활성기능 2등급)
키토올리고당,식후혈당 감소에 도움을 줄 수 있음
인삼,뼈 건강에 도움을 줄 수 있음
옻나무 추출분말,갱년기 남성의 건강에 도움을 줄 수 있음
호로파종자추출물,갱년기 남성 건강에 도움을 줄 수 있음
루테인지아잔틴복합추출물,노화로 인해 감소될 수 있는 황반색소밀도를 유지하여 눈 건강에 도움을 줄 수 있음
오가피열매추출물,혈압조절에 도움을 줄 수 있음
루바브뿌리 추출물,갱년기 여성 건강에 도움을 줄 수 있음
스페인감초추출물,위 점막 내 헬리코박터균( ) 증식을 억제하고 위 점막을 보호하여 위 건강에 도움을 줄 수 있음 .
상황버섯등 추출복합물,혈관이완을 통한 혈행개선에 도움을 줄 수 있음 -
우뭇가사리추출물,체지방 감소에 도움을 줄 수 있음
빌베리 추출물,눈의 피로 개선에 도움을 줄 수 있음
피쉬 콜라겐펩타이드,-자외선에 의한 피부손상으로부터 피부건강을 유지하는데 도움을 줄 수 있음 -피부보습에 도움을 줄 수 있음 - -
수국잎열수추출물,- 자외선에 의한 피부손상으로부터 피부건강 유지에 도움을 줄 수 있음
들깨쇠비름혼합추출물,면역기능 증진에 도움을 줄 수 있음
천심련추출물,관절 건강에 도움을 줄 수 있음
바이오게르마늄 효모,면역기능증진에 도움을 줄 수 있음
저분자콜라겐펩타이드 AG,① 피부 보습에 도움을 줄 수 있음 ② 자외선에 의한 피부손상으로부터 피부건강을 유지하는데 도움을 줄 수 있음 ① () ②
옥수수수염·레몬밤추출복합물,체지방 감소에 도움을 줄 수 있음
Lactiplantibacillus plantarum Q180,식후 혈중 중성지방 개선에 도움을 줄 수 있음
연어이리추출물,"① 관절 건강에 도움을 줄 수 있음, ② 위 점막을 보호하여 위 건강에 도움을 줄 수 있음 ① , ②"
쑥부쟁이추출분말,면역과민반응에 의한 코상태 개선에 도움을 줄 수 있음
인동덩굴꽃봉오리추출물,위 점막을 보호하여 위 건강에 도움을 줄 수 있음
차즈기추출물,눈의 피로도 개선에 도움을 줄 수 있음
가자추출물,관절 및 연골 건강에 도움을 줄 수 있음
강황추출물,근력개선에 도움을 줄 수 있음
L. plantarum LC27과 B. longum LC67의 프로바이오틱스 복합물,비알콜성 간손상으로부터 간 건강에 도움을 줄 수 있음 -
양춘사추출물,체지방 감소에 도움을 줄 수 있음
홍삼,혈당조절에 도움을 줄 수 있음
CaHMB,운동수행능력 향상에 도움을 줄 수 있음
마리골드꽃추출물,「건강기능식품의 기준 및 규격」제3.2.2-26 마리골드꽃추출물에 따름
천마추출물,노화로 인해 저하된 인지기능 개선에 도움을 줄 수 있음
대두추출물등 복합물,갱년기 여성건강에 도움을 줄 수 있음 `
배초향·고지베리·무화과복합추출물,"① 피부 보습에 도움을 줄 수 있음, ② 자외선에 의해 손상된 피부 건강 유지에 도움을 줄 수 있음 ① , ②"
홍삼추출효소처리분말,혈압조절에 도움을 줄 수 있음
발효굴추출물,근력개선에 도움을 줄 수 있음
유산균발효굴추출물,어린이 키성장에 도움을 줄 수 있음
포도블루베리추출혼합분말,기억력 개선에 도움을 줄 수 있음
프로바이오틱스,기관·기관지 상태(기침·가래 등) 개선에 도움을 줄 수 있음 · (· )
털부처꽃추출물,체지방 감소에 도움을 줄 수 있음
산딸기·왕느릅나무·치자추출복합물,위 점막을 보호하여 위 건강에 도움을 줄 수 있음
블랙커민추출분말,체지방 감소에 도움을 줄 수 있음
헛개나무과병·오미자박추출복합물,간 건강에 도움을 줄 수 있음
밀배유추출물,① 자외선에 의한 피부 손상으로부터 피부 건강을 유지하는데 도움을 줄 수 있음 ② 피부 보습에 도움을 줄 수 있음 ① ②
핑거루트추출물,(1) 자외선에 의한 피부손상으로부터 피부 건강을 유지하는데 도움을 줄 수 있음 (2) 체지방 감소에 도움을 줄 수 있음 (3) 피부보습에 도움을 줄 수 있음 (1) (2) (3)
아연,(1) 정상적인 면역기능에 필요 (2) 정상적인 세포분열에 필요
구리,(1) 철의 운반과 이용에 필요 (2) 유해산소로부터 세포를 보호하는데 필요
셀레늄,(1) 유해산소로부터 세포를 보호하는데 필요
요오드,(1) 갑상선 호르몬의 합성에 필요 (2) 에너지 생성에 필요 (3) 신경발달에 필요
망간,(1) 뼈 형성에 필요 (2) 에너지 이용에 필요 (3) 유해산소로부터 세포를 보호하는데 필요
몰리브덴,(1) 산화·환원 효소의 활성에 필요
칼륨,(1) 체내 물과 전해질 균형에 필요
크롬,"(1) 체내 탄수화물, 지방, 단백질 대사에 관여"
식이섬유,(1) 식이섬유 보충
단백질,"(1) 근육, 결합조직 등 신체조직의 구성성분 (2) 효소, 호르몬, 항체의 구성에 필요 (3) 체내 필수 영양성분이나 활성물질의 운반과 저장에 필요 (4) 체액, 산-염기의 균형 유지에 필요 (5) 에너지, 포도당, 지질의 합성에 필요"
필수 지방산,(1) 필수지방산의 보충
인삼,(가) 면역력 증진·피로개선·뼈 건강에 도움을 줄 수 있음 (나) 간 건강에 도움을 줄 수 있음[1) (2) (다)의 제조방법에 한함]
홍삼,"(1)기능성 내용 : 면역력 증진･피로개선･혈소판 응집억제를 통한 혈액흐름･기억력 개선･항산화･갱년기 여성의 건강에 도움을 줄 수 있음 (2) 일일섭취량 (가)면역력 증진･피로개선에 도움을 줄 수 있음 : 진세노사이드 1, 1 및 3의 합계로서 3~80 (나)혈소판 응집억제를 통한 혈액흐름･기억력 개선･항산화에 도움을 줄 수 있음 : 진세노사이드 1, 1 및 3의 합계로서 2.4~80 (다)갱년기 여성의 건강에 도움을 줄 수 있음 : 진세노사이드 1, 1 및 3의 합계로서 25~80"
알로에 전잎,①배변활동 원활에 도움을 줄 수 있음
프로폴리스추출물,"(1) 기능성 내용 : 항산화 ․ 구강에서의 항균작용에 도움을 줄 수 있음 ※ 구강에서의 항균작용은 구강에 직접 접촉할 수 있는 형태에 한하며, 섭취량을 적용하지 않음"
레시틴,혈중 콜레스테롤 개선에 도움을 줄 수 있음
식물스테롤/식물스테롤에스테르,① 혈중 콜레스테롤 개선에 도움을 줄 수 있음
알콕시글리세롤 함유 상어간유,① 면역력 증진에 도움을 줄 수 있음
옥타코사놀 함유 유지,① 지구력 증진에 도움을 줄 수 있음
매실추출물,①피로 개선에 도움을 줄 수 있음
글루코사민,①관절 및 연골 건강에 도움을 줄 수 있음
뮤코다당.단백,관절 및 연골건강에 도움을 줄 수 있음
히알루론산,(1)기능성 내용 : 피부보습･자외선에 의한 피부손상으로부터 피부건강 유지에 도움을 줄 수 있음 (2) 일일섭취량 (가) 피부보습에 도움을 줄 수 있음 : 히알루론산으로서 120∼240 (나)자외선에 의한 피부손상으로부터 피부건강 유지에 도움을 줄 수 있음 : 히알루론산으로서 240
NAG,(1) 관절 및 연골 건강·피부보습에 도움을 줄 수 있음
폴리감마글루탐산,① 체내 칼슘흡수 촉진에 도움을 줄 수 있음
빌베리 추출물,① 눈의 피로 개선에 도움을 줄 수 있음
라피노스,(1) 장내 유익균의 증식과 유해균의 억제에 도움을 줄 수 있음 (2) 배변활동을 원활히 하는데 도움을 줄 수 있음
분말한천,(1) 배변활동에 도움을 줄 수 있음
크레아틴,① 근력 운동 시에 운동수행능력 향상에 도움을 줄 수 있음
유단백가수분해물,① 스트레스로 인한 긴장 완화에 도움을 줄 수 있음
상황버섯추출물,① 면역기능 개선에 도움을 줄 수 있음
토마토추출물,① 항산화에 도움을 줄 수 있음
곤약감자추출물,(1) 피부 보습에 도움을 줄 수 있음
BT-11원지추출분말,성인의 기억력 개선에 도움을 줄 수 있음(생리활성기능 2등급)
L-글루타민,과도한 운동 후 신체저항능력 향상에 도움
칸탈로프멜론추출물,-산화스트레스로부터 인체를 보호하는데 도움을 줄 수 있습니다. -혈관벽 두께(내중막 두께 : ) 증가 억제를 통한 혈행개선에 도움을 줄 수 있음 -자외선에 의한 피부홍반개선으로 피부건강에 도움을 줄 수 있음
소나무껍질추출물등복합물,햇볕 또는 자외선에 의한 피부손상으로부터 피부 건강을 유지하는데 도움을 줄 수 있음(기타기능)
가쯔오부시올리고펩타이드,혈압이 걱정되시는 분에게 도움을 줄 수 있습니다.(기타기능)
가쯔오부시올리고펩타이드,혈압이 걱정되시는 분에게 도움을 줄 수 있습니다.(기타기능)
전칠삼추출물 등 복합물,관절건강에 도움을 줄 수 있음 (기타기능)
L-카르니틴 타르트레이트,체지방 감소에 도움을 줄 수 있음 (기타기능 Ⅱ)
녹차추출물/테아닌 복합물,성인의 기억력 개선에 도움을 줄 수 있으나 인체에서의 확인이 필요함(기타기능)
서목태,- 혈당 조절에 도움을 줄 수 있음 (생리활성기능 2등급) - 혈압이 높은 사람에게 도움을 줄 수 있음 (생리활성기능 2등급) - 체지방 감소에 도움을 줄 수 있음 (생리활성기능 2등급)
허니부쉬추출발효분말,자외선에 의한 피부손상으로부터 피부 건강 유지에 도움을 줄 수 있음
Lactobacillus gasseri BNR17,체지방 감소에 도움을 줄 수 있음(생리활성기능)
루테인지아잔틴복합추출물,노화로 인해 감소될 수 있는 황반색소밀도를 유지하여 눈 건강에 도움을 줄 수 있음
아프리카망고 종자추출물,체지방 감소에 도움을 줄 수 있음
유단백추출물,뼈 건강에 도움을 줄 수 있음
천마 등 복합추출물,기억력 개선에 도움을 줄 수 있음
밀배유추출물,피부 보습에 도움을 줄 수 있음
L-아르기닌,혈관이완을 통해 혈행 개선에 도움을 줄 수 있음
프로바이오틱스 HY7714,"피부 보습에 도움을 줄 수 있음, 자외선에 의한 피부손상으로부터 피부 건강 유지에 도움을 줄 수 있음 () ,"
미역 등 복합추출물,체지방 감소에 도움을 줄 수 있음
아마인,콜레스테롤 감소에 도움을 줄 수 있음(기타기능 Ⅱ)
풋사과추출물 애플페논,체지방 감소에 도움을 줄 수 있음
강황 추출물,관절건강에 도움을 줄 수 있음(생리활성기능 2등급)
미숙여주주정추출분말,식후 혈당상승 억제에 도움을 줄 수 있음
갈락토올리고당 분말,자외선에 의한 피부손상으로부터 피부건강에 도움을 줄 수 있음
쑥부쟁이추출분말,면역과민반응에 의한 코 상태 개선에 도움을 줄 수 있음
참깨박추출물,기억력 개선에 도움을 줄 수 있음
저분자콜라겐펩타이드GT,피부 보습에 도움을 줄 수 있음 ()
병풀추출분말,노화로 인해 감소될 수 있는 황반색소밀도를 유지하여 눈 건강에 도움을 줄 수 있음
증숙생강추출분말,위 점막을 보호하여 위 건강에 도움을 줄 수 있음
댕댕이나무열매,① 비알콜성 간 손상으로부터 간 건강에 도움을 줄 수 있음 ② 체지방 감소에 도움을 줄 수 있음 ① - ②
청호추출분말,간 건강에 도움을 줄 수 있음
홍삼오일,전립선 건강의 유지에 도움을 줄 수 있음
귀리식이섬유,(1) 혈중 콜레스테롤 개선·식후 혈당상승 억제에 도움을 줄 수 있음
난소화성말토덱스트린,(1)기능성 내용 : 식후 혈당상승 억제･혈중 중성지질 개선･배변활동 원활에 도움을 줄 수 있음 (2) 일일섭취량 (가)식후 혈당상승 억제에 도움을 줄 수 있음 : 난소화성말토덱스트린 식이섬유로서 4.0~30 (액상원료는 4.0~44 ) (나)혈중 중성지질 개선에 도움을 줄 수 있음 : 난소화성말토덱스트린 식이섬유로서 5.0~30 (액상원료는 5.0~44 ) (다)배변활동 원활에 도움을 줄 수 있음 : 난소화성말토덱스트린 식이섬유로서 4.2~30 (액상원료는 4.2~44 )
대두식이섬유,① 혈중 콜레스테롤 개선·식후 혈당상승 억제·배변활동 원활에 도움을 줄 수 있음
목이버섯식이섬유,(1) 배변활동 원활에 도움을 줄 수 있음
밀식이섬유,(1) 식후 혈당상승 억제·배변활동 원활에 도움을 줄 수 있음
옥수수겨식이섬유,(1) 혈중 콜레스테롤 개선·식후 혈당상승 억제에 도움을 줄 수 있음
폴리덱스트로스,(1) 배변활동 원활에 도움을 줄 수 있음
코엔자임Q10,(1) 기능성 내용 : 항산화･높은 혈압 감소에 도움을 줄 수 있음
쏘팔메토 열매 추출물,①전립선 건강의 유지에 도움을 줄 수 있음
헤마토코쿠스 추출물,(1) 기능성 내용 : 눈의 피로도 개선에 도움을 줄 수 있음
감마리놀렌산 함유 유지,혈중 콜레스테롤 개선･혈행개선･월경전 변화에 의한 불편한 상태 개선･면역과민반응에 의한 피부상태 개선에 도움을 줄 수 있음
인삼다당체추출물,면역기능 증진에 도움을 줄 수 있음(생리활성기능 2등급)
댕댕이나무열매추출분말,비알콜성 간 손상으로부터 간 건강에 도움을 줄 수 있음 -
자몽추출물등 복합물,체지방 감소에 도움을 줄 수 있음
포도과피 효소발효추출물,건조한 눈을 개선하여 눈 건강에 도움을 줄 수 있음
황기추출물 등 복합물,어린이 키성장에 도움을 줄 수 있음
호박씨추출물 등 복합물,방광의 배뇨기능 개선에 도움을 줄 수 있음(생리활성기능 2등급)
참당귀 추출분말,노화로 저하된 인지기능 개선에 도움을 줄 수 있음 관절건강에 도움을 줄 수 있음
L-arabinose,설탕 소화흡수를 완만하게 하여 혈당조절에 도움을 줄 수 있음(생리활성기능 2등급)
비파엽추출물,기억력 개선에 도움을 줄 수 있음 (생리활성기능 2등급)
피니톨,간 건강에 도움을 줄 수 있음
피크노제놀-프랑스해안송껍질추출물<PYCNOGENOL>,-인체에 유해한 활성산소를 제거하는데 도움을 줄 수 있음 -혈액의 흐름을 방해할 수 있는 혈소판응집을 억제하는데 도움을 줄 수 있음 -갱년기 여성의 건강에 도움을 줄 수 있음 - - - ’
이소말토올리고당,장내유익균의 증식과 유해균의 억제에 도움을 줄 수 있음(기타기능)배변활동을 원활히 하는데 도움을 줄 수 있음(기타기능)
황금등복합물,관절 건강에 도움을 줄 수 있음
곰피추출물,간 건강에 도움을 줄 수 있음
빌베리 추출물,눈의 피로 개선에 도움을 줄 수 있음
과채유래유산균,면역과민반응에 의한 피부상태 개선에 도움을 줄 수 있음 (생리활성기능 2등급)
가시오가피숙지황복합추출물,뼈건강에 도움을 줄 수 있음(생리활성기능 2등급)
동충하초 주정추출물,면역기능 증진에 도움을 줄 수 있음(생리활성기능 2등급)
Lactobacillus sakei Probio65,면역과민반응에 의한 피부상태 개선에 도움을 줄 수 있음 (생리활성기능 2등급)
로즈힙분말,관절 및 연골 건강에 도움을 줄 수 있음(생리활성기능 2등급)
AP 콜라겐 효소분해 펩타이드,"피부 보습에 도움을 줄 수 있음, 자외선에 의한 피부 손상으로부터 피부 건강을 유지하는데 도움을 줄 수 있음 () ,"
피카오프레토 분말 등 복합물,과민반응에 의한 코 상태 개선에 도움을 줄 수 있음
연어 펩타이드,혈압이 높은 사람에게 도움을 줄 수 있음 (기타기능)
보리 베타글루칸 추출물,혈중 콜레스테롤 개선에 도움을 줄 수 있음 (생리활성기능 2등급)
지각상엽 추출 혼합물,혈당 조절에 도움을 줄 수 있음 (기타기능)
크랜베리 추출물,요로에 유해균 흡착 억제로 요로건강에 도움을 줄 수 있음(기타기능 )
창녕양파추출액,혈중 콜레스테롤 개선에 도움을 줄 수 있음 (기타기능 )
크랜베리 추출물,요로에 유해균 흡착 억제로 요로건강에 도움을 줄 수 있음
석류농축액,갱년기 여성의 건강에 도움을 줄 수 있음(생리활성기능 2등급)
로즈힙분말,관절 및 연골 건강에 도움을 줄 수 있음
락토페린,체지방 감소에 도움을 줄 수 있음 (생리활성기능 2등급)
루테인지아잔틴복합추출물20%,노화로 인해 감소될 수 있는 황반색소밀도를 유지하여 눈건강에 도움을 줄 수 있음
매스틱 검,위 불편감 개선에 도움을 줄 수 있음(생리활성기능 2등급)
유단백가수분해물,수면의 질 개선에 도움을 줄 수 있음
베타글루칸분말,- 면역기능 증진에 도움을 줄 수 있음
발효율피추출분말,체지방 감소에 도움을 줄 수 있음
로즈마리추출물등복합물,자외선에 의한 피부손상으로부터 피부 건강 유지에 도움을 줄 수 있음
사삼추출물,체지방 감소에 도움을 줄 수 있음
열처리녹차추출물,기억력 개선에 도움을 줄 수 있음
아쉬아간다 추출물,수면건강에 도움을 줄 수 있음
흰목이버섯효소분해추출물,노화로 인해 감소된 인지기능 개선에 도움을 줄 수 있음
녹차추출물,(1) 기능성 내용 : 항산화･체지방 감소･혈중 콜레스테롤 개선에 도움을 줄 수 있음
바나바잎 추출물,① 식후 혈당상승 억제에 도움을 줄 수 있음
나토균배양분말,혈행 개선에 도움을 줄 수 있음
지초추출물,피부보습에 도움을 줄 수 있음(기타기능Ⅱ)
히드록시프로필메틸셀룰로오스,식후 혈당상승 억제에 도움을 줄 수 있음 (생리활성기능 2등급)
가시오갈피 등 복합추출물,관절 건강에 도움을 줄 수 있음(기타기능Ⅱ)
상엽추출물,식후혈당 상승 억제에 도움을 줄 수 있음(생리활성기능 2등급)
창녕양파추출액,혈중 콜레스테롤 개선에 도움을 줄 수 있음(생리활성기능 2등급)
지방산복합물 FAC,관절 건강에 도움을 줄 수 있음
보리 베타글루칸 추출물,혈중 콜레스테롤 개선에 도움을 줄 수 있음
정제오징어유,혈행 개선에 도움을 줄 수 있음(기타기능) ·혈중 중성지질 개선에 도움을 줄 수 있음 (기타기능)
자일로올리고당,"장내 유익균 증식, 유해균 억제, 배변활동에 도움을 줄 수 있음(기타기능)"
자일로올리고당,"장내 유익균 증식, 유해균 억제, 배변활동에 도움을 줄 수 있음(기타기능)"
파크랜 크랜베리 분말,요로의 유해균 흡착 억제로 요로건강에 도움을 줄 수 있음(기타기능)
해태올리고펩티드,혈압조절에 도움을 줄 수 있음(기타기능)
Green Mate Extract EFLA 920,체지방 감소에 도움을 줄 수 있습니다(기타기능)
아티초크 추출물,담즙분비를 촉진하여 지방 소화에 도움을 줄 수 있음(생리활성기능 2등급)
파크랜 크랜베리 분말,요로의 유해균 흡착 억제로 요로건강에 도움을 줄 수 있음(생리활성기능 2등급)
파크랜 크랜베리 분말,요로의 유해균 흡착 억제로 요로건강에 도움을 줄 수 있음(생리활성기능 2등급)
닭가슴연골분말,관절건강에 도움을 줄 수 있음(생리활성기능 2등급)
오미자추출물,근력 개선에 도움을 줄 수 있음
우슬 등 복합물,관절 및 연골건강에 도움을 줄 수 있음
시서스추출물,체지방 감소에 도움을 줄 수 있음(생리활성기능)
저분자콜라겐펩타이드NS,-자외선에 의한 피부손상으로부터 피부건강을 유지하는데 도움을 줄 수 있음 -피부보습에 도움을 줄 수 있음
풋사과추출물 애플페논,체지방 감소에 도움을 줄 수 있음
로즈마리자몽추출복합물,자외선에 의한 피부손상으로부터 피부건강을 유지하는데 도움을 줄 수 있음
석류농축분말,1. 피부 보습에 도움을 줄 수 있음 2. 자외선에 의한 피부 손상으로부터 피부건강을 유지하는데 도움을 줄 수 있음 1. 2.
깻잎추출물,체지방 감소에 도움을 줄 수 있음
Lactobacillus acidophilus YT1,갱년기 여성 건강에 도움을 줄 수 있음
리스펙타,질내 유익균 증식 및 유해균 억제에 도움을 줄 수 있음
그린커피빈주정추출물,체지방 감소에 도움을 줄 수 있음
미강주정추출물,수면에 도움을 줄 수 있음
수국잎열수추출물,-피부보습에 도움을 줄 수 있음 -자외선에 의한 피부손상으로부터 피부건강 유지에 도움을 줄 수 있음 - -
풋사과추출물 애플페논,체지방 감소에 도움을 줄 수 있음
모로오렌지추출분말,체지방 감소에 도움을 줄 수 있음
감잎주정추출분말,건조한 눈을 개선하여 눈건강에 도움을 줄 수 있음
크릴오일,관절건강에 도움을 줄 수 있음
가다랑어 엘라스틴 펩타이드,① 피부보습에 도움을 줄 수 있음 ② 자외선에 의한 피부손상으로부터 피부건강 유지에 도움을 줄 수 있음 ① ②
크릴오일,체지방 감소에 도움을 줄 수 있음
옥수수수염·레몬밤추출복합물,체지방 감소에 도움을 줄 수 있음
Bifidobacterium breve B-3 프로바이오틱스,체지방 감소에 도움을 줄 수 있음
저분자 피쉬 콜라겐 펩타이드,① 피부 보습에 도움을 줄 수 있음 ② 자외선에 의한 피부 손상으로부터 피부 건강을 유지하는데 도움을 줄 수 있음 ① () ②
다이크로스타키스 글로메라타 추출물,체지방 감소에 도움을 줄 수 있음
L. curvatus HY7601와 L. plantarum KY1032의 프로바이오틱스 복합물,체지방 감소에 도움을 줄 수 있음
크릴오일등복합물,관절건강에 도움을 줄 수 있음
Bacillus coagulans SNZ 1969 프로바이오틱스,배변활동 원활에 도움을 줄 수 있음
삼백초추출물,면역과민반응에 의한 코상태 개선에 도움을 줄 수 있음
콘드로이친 황산염,관절 및 연골 건강에 도움을 줄 수 있음
참나리추출분말,관절건강에 도움을 줄 수 있음
당귤농축분말,① 피부 보습에 도움을 줄 수 있음 ② 자외선에 의한 피부 손상으로부터 피부 건강을 유지하는데 도움을 줄 수 있음 ① () ②
타마린드강황주정추출복합물,관절 및 연골 건강에 도움을 줄 수 있음
난각막가수분해물,관절 및 연골 건강에 도움을 줄 수 있음
기장밀추출복합물,모발상태(윤기·탄력) 개선에 도움을 줄 수 있음 (·)
보스웰리아추출물,관절건강에 도움을 줄 수 있음
팔밋올레산 함유 명태,"① 피부 보습에 도움을 줄 수 있음, ② 자외선에 의한 피부 손상으로부터 피부 건강을 유지하는데 도움을 줄 수 있음 ① () , ②"
오미자·두충·구기자추출복합물,뼈 건강에 도움을 줄 수 있음
정어리펩타이드 SP100N,혈압을 조절하는데 도움을 줄 수 있음
자일리톨,충치발생 위험 감소에 도움을 줌(치아건강) ( )
참당귀뿌리추출물,노인의 인지능력저하 개선에 도움을 줄 수 있음(기타기능)
포도종자추출물,항산화능 증진에 도움을 줄 수 있음(기타기능)
카제인가수분해물,혈압이 걱정되시는 분에게 도움을 줄 수 있음(기타기능)
올리브잎주정추출물 EFLA943,혈압조절에 도움을 줄 수 있음
솔잎증류농축액,건강한 혈당유지에 도움
콩발효추출물,당의 흡수를 억제하여 식후혈당을 건강하게 유지하는데 도움을 줄 수 있음(기타기능)
돌외잎추출물,스트레스로 인한 긴장완화에 도움을 줄 수 있음
오미자추출물,갱년기 여성 건강에 도움을 줄 수 있음(생리활성기능 2등급)
레몬 밤 추출물 혼합분말,체지방 감소에 도움을 줄 수 있음 (기타기능)
호로파종자 등 추출복합물,남성의 갱년기 건강에 도움을 줄 수 있음
세리포리아 락세라타 균사체 배양물,혈당조절에 도움을 줄 수 있음
